ID,RiskScore
0,32.6986563380448
1,56.245628874372855
2,33.306994667121074
3,37.43429091841196
4,35.57002392279728
5,69.2354467311042
6,32.071978415512206
7,33.122039488946676
8,30.382340003470045
9,61.84053740131678
10,47.531344929983874
11,27.884674811127447
12,51.16832620854918
13,38.70886591090346
14,48.981991027609
15,63.65166654413042
16,23.504513317804626
17,35.781494385174604
18,65.65805417345608
19,60.11122719698867
20,71.0557077526896
21,31.545473166780496
22,68.1658318346887
23,36.2857347416324
24,54.81713114882031
25,29.88379933550987
26,31.325837458428943
27,29.75298352593105
28,54.154154021078185
29,69.4263983410707
30,29.882074954593264
31,67.22509633313544
32,32.24386020666819
33,30.100261432962093
34,37.005237066677246
35,39.6273609033777
36,71.3400540174183
37,59.019767427878094
38,44.71820559498522
39,71.02075243502179
40,69.98994303537077
41,53.040737051990114
42,78.52954652964586
43,25.690231541481168
44,46.14302486298581
45,31.585674708682546
46,36.19950251791696
47,67.93443844793093
48,30.822593809763966
49,37.62719861801488
50,64.78559652060713
51,60.14007946599875
52,46.04583234150904
53,30.58381457984288
54,29.52324556838687
55,30.42587648090542
56,74.93609286733577
57,39.39878057806819
58,41.5446741978172
59,60.735581247148346
60,69.74109052488379
61,49.452062408850594
62,33.44003850768412
63,83.21046923928883
64,27.78452786787254
65,30.857458063481594
66,57.628308174093235
67,62.12629938886896
68,40.92009432908855
69,69.40722611652697
70,37.087571004937494
71,43.68722851617966
72,47.73328266789071
73,57.626791314506356
74,52.67126035288488
75,65.61327503902248
76,67.6828700144711
77,26.49719680245117
78,50.41089329868261
79,61.211992430025305
80,70.67943050001168
81,60.251992611511454
82,59.566839082807306
83,34.608252133960455
84,70.20666239569931
85,73.17756051205725
86,62.741524822325744
87,24.210256902089018
88,51.94155350412658
89,72.77667308558799
90,33.48362884777583
91,58.92328011258024
92,34.111956527102436
93,33.295162315823774
94,37.34169459275782
95,37.77555196010059
96,35.75986144412034
97,66.58066433568663
98,36.402307752795394
99,63.912456536025644
100,34.47015229177941
101,32.10779992286927
102,66.90425424928405
103,74.17300368564656
104,32.31592176781381
105,81.19111566766745
106,73.31298983953374
107,72.14225522439169
108,40.03374203483806
109,72.17515498130743
110,51.8308471227913
111,67.93995210560756
112,74.62899426432497
113,69.19861809332166
114,68.01920386261622
115,30.019145378700617
116,71.40649182592956
117,53.53044966551768
118,37.94687396711562
119,45.09294482905905
120,26.48632532454055
121,74.39223561593437
122,26.67271823396243
123,58.55407789806383
124,35.20436249550757
125,65.29768115724056
126,20.8773500382898
127,32.22378062425328
128,34.81639449226492
129,68.98846007476432
130,30.978272900142784
131,70.39906976818065
132,71.41282851813536
133,77.23392190828288
134,24.254340488612662
135,35.50601779594203
136,23.193199651847646
137,32.2405941568275
138,33.56011254498256
139,42.43061329335236
140,47.857827484652745
141,44.61693818780417
142,27.21865981767541
143,27.709529641535624
144,67.61494023289455
145,32.2547837248803
146,50.315521221224174
147,66.533925809809
148,66.18262025785873
149,72.04742924361098
150,36.65586932620039
151,30.572628538482704
152,74.45641472910573
153,44.570225821147076
154,62.0961197129732
155,34.146599395226524
156,67.67309633424394
157,66.05514291963611
158,64.51737612219307
159,74.36051429750943
160,44.87192644726847
161,29.088026925152533
162,70.97729490060482
163,33.07302787533233
164,40.84612968634265
165,49.736644261923686
166,27.78366596029353
167,45.1794605682239
168,33.51068761987032
169,26.17432279920836
170,35.60745195941264
171,39.37864107928967
172,67.77174068346459
173,42.528251970735155
174,29.873314366858622
175,45.47858517644961
176,60.836631606046375
177,39.51414950677898
178,45.40272062956927
179,70.68268221236593
180,40.02761846794607
181,33.443497701929864
182,66.82169448940353
183,54.34258725008969
184,72.18463457594999
185,68.30141385442263
186,68.73226741402243
187,63.515078673545375
188,31.20750767690272
189,22.8377591768204
190,30.717413872533676
191,73.3529582977063
192,60.05161499781644
193,31.72941894668589
194,67.92086465001614
195,27.788006181954657
196,36.610486589758096
197,62.5260665484374
198,67.28194315840305
199,34.76706907131498
200,32.43219425515282
201,60.54186062555647
202,31.893170870681512
203,32.799687188956426
204,71.02822316127862
205,63.534710665965406
206,65.42426707711184
207,50.963189145787965
208,53.34341217290449
209,71.75852068119381
210,30.909605193562427
211,28.293055910343945
212,72.63672227629134
213,66.242591371514
214,39.21152766462818
215,58.421361268708765
216,64.94368113267814
217,72.4470314584785
218,56.42570060952716
219,31.875875330209098
220,32.05149302999039
221,36.02496209043893
222,31.48240405357045
223,56.324597401802656
224,27.33731291001242
225,67.15482859723554
226,59.814265158363604
227,34.54491010581374
228,33.53567404171706
229,40.71337226995555
230,44.64968064773438
231,49.10501399209915
232,52.12127537925337
233,55.90734417184357
234,72.86570180159397
235,45.75085365576622
236,32.59061929362964
237,56.096075959505505
238,66.65965424795385
239,30.69704078563842
240,64.84673771779428
241,69.02328796812847
242,45.26970312150695
243,67.65485612270263
244,67.20089562168627
245,64.5289605839069
246,24.549844638986624
247,40.23101801663324
248,75.16572362207302
249,25.062453405827732
250,63.649475626659736
251,34.00172402394426
252,46.48033640203921
253,47.94720513793818
254,55.10318939158421
255,34.39897224062871
256,54.793353562489756
257,70.71882972132381
258,66.78775455966971
259,38.50853915303949
260,48.41900572891365
261,45.65636934101557
262,29.10456127945177
263,74.0160456009649
264,61.11792864010081
265,29.579407744231037
266,40.77215740770882
267,26.185449096693528
268,66.59633353563832
269,71.59979479351091
270,70.25171614182378
271,76.05251354208302
272,34.21960266059633
273,45.67955594799011
274,25.336162634150448
275,38.23847092136973
276,64.52874728409276
277,30.83574452314317
278,62.854285300656485
279,29.225971526787795
280,61.295816950233316
281,62.97731110473661
282,61.53165831340697
283,58.99834106482067
284,36.54693568949622
285,32.3351953655155
286,30.206897603817495
287,68.16881480743193
288,50.90084423346097
289,30.956724643064234
290,60.32693540419992
291,38.9022992076745
292,55.51709019588476
293,69.75260117121135
294,33.82964351914669
295,69.52221129644475
296,71.05400835317279
297,26.174800526345578
298,36.14098588124494
299,69.29771386290396
300,47.93174024638715
301,71.94001199852393
302,47.694459385339165
303,35.37770116567084
304,58.89245111308015
305,31.445195330459548
306,39.040316830075035
307,69.91446519628664
308,57.562878256709745
309,27.46469428682968
310,67.79233543061717
311,56.07460068676919
312,52.935863618411595
313,42.58920353517348
314,64.48865721275007
315,73.81495118982272
316,37.37806549005514
317,35.126620421886535
318,64.88193252929946
319,35.341106412752026
320,30.601032155813364
321,31.836980024638784
322,72.032541535365
323,66.73212385206978
324,88.17324833329273
325,28.7585572031957
326,72.26597569820592
327,33.888991972191555
328,39.93538840421581
329,31.96009236015754
330,52.81344212071056
331,79.72825564276846
332,24.429265160002124
333,69.67921679090699
334,60.40480638513251
335,61.354538776100945
336,57.303031286284174
337,27.880958505473313
338,33.43659334303506
339,47.440594322162056
340,73.4546830537526
341,76.65316650928874
342,71.31796689798368
343,63.39867355905188
344,33.8911442735131
345,36.04258172952011
346,44.55124279493562
347,36.85278855407797
348,36.941338001913536
349,21.347826680523184
350,43.317028055327214
351,32.304729722183495
352,63.171870318998835
353,27.28788990701844
354,27.43110907262668
355,32.53657933408792
356,27.77998300731663
357,31.487150368272104
358,28.621929238492662
359,69.06477021169145
360,24.521307559152227
361,28.745153802520743
362,33.0593736014312
363,63.575749029236164
364,53.00599708816186
365,53.02543555033406
366,51.221812953843646
367,29.789849905077908
368,64.472705706002
369,45.00774294581549
370,36.536748025761725
371,29.919718519116643
372,34.69848155364948
373,68.61739544155952
374,55.79007145353089
375,36.055539329484
376,26.961087492116995
377,62.64127667874959
378,48.29465434350729
379,67.97168972975547
380,32.08397858901333
381,25.61904362460992
382,65.61621088539738
383,64.82628341126937
384,51.07616117348489
385,63.370989172140824
386,29.80061264771252
387,31.362959890421592
388,61.72328502736506
389,29.90640856618583
390,67.47182560277305
391,67.7090286755239
392,64.23108878962698
393,41.622465731233206
394,70.97319978682143
395,68.15583114298022
396,34.36526900706782
397,24.204160892343896
398,64.82954558289367
399,32.29820727337044
400,56.58632667230382
401,67.32693703160322
402,28.191855050857406
403,65.46696645116067
404,67.70208960908963
405,58.16694844841836
406,34.37047080463981
407,62.587640401240705
408,49.078834227910576
409,34.688913475339156
410,33.6537701842203
411,43.74985722813096
412,36.44829559771843
413,30.95186956044912
414,61.98496851121051
415,44.06517294755844
416,45.7675019039538
417,37.83314620268075
418,31.162659322014036
419,55.05422244137108
420,26.774842097649376
421,41.65985727505929
422,34.102697685126884
423,59.200113717648335
424,26.37934627897431
425,53.568686791304394
426,27.207785371008818
427,37.22385057052571
428,58.178131883564596
429,32.88307552727129
430,62.82229995652785
431,34.626566110270474
432,67.17309988724287
433,63.106959030648135
434,68.75956456112603
435,59.07100129507015
436,30.270927722747096
437,67.52104358430807
438,38.3307501972277
439,47.98624919604681
440,70.60444602805065
441,27.98257761570688
442,68.77921065252357
443,62.72028184681058
444,66.3603245187806
445,68.69114768092639
446,69.98717442011905
447,41.42765819308204
448,64.31602418906796
449,71.67386203808819
450,68.29841118039208
451,74.3947577676215
452,29.18233510081733
453,59.26801051950345
454,63.29236671358894
455,33.17871632503824
456,40.29364271450244
457,62.07605487653699
458,37.885170282295576
459,59.18083988659353
460,34.818665385795
461,37.42732418253931
462,30.971965513285564
463,51.41822068956287
464,28.745438068091694
465,39.95552082017733
466,28.207527929209476
467,64.07969780915471
468,38.21241689783937
469,70.97129541656696
470,60.03285822861715
471,69.26048603490729
472,33.39634634176073
473,34.81528008705262
474,27.918599847116294
475,68.42955122620182
476,27.832020226061886
477,71.20668588542586
478,31.239906273901788
479,61.73232633895581
480,59.72034316945526
481,38.80404036068883
482,69.84073249412631
483,36.07153088837935
484,35.142590607392854
485,48.96248701948921
486,68.71114569070843
487,36.21401834742484
488,72.78110443031834
489,27.53538189757296
490,69.98726500145152
491,38.63437994496172
492,67.27298396338009
493,29.45186264863564
494,69.31485821772706
495,37.70122608087347
496,79.38932602960035
497,70.71267432204576
498,49.899498060855805
499,44.37312002283001
500,44.74975487333688
501,38.7343343230431
502,70.68238324533856
503,28.609651721378647
504,35.976009029680135
505,50.359210377845635
506,48.22220662022756
507,73.2864056874483
508,31.91887350732113
509,75.05141833196276
510,45.889970215505095
511,51.606545921954954
512,30.06573291853413
513,78.20843413870278
514,66.75440418352687
515,39.32258218350509
516,40.55210783774849
517,33.80305225497641
518,39.807973869304945
519,40.39624458296797
520,68.62952470369373
521,68.79963551973002
522,68.68717104480389
523,23.491455496202086
524,48.48789164504497
525,69.62686154277375
526,47.64428461296125
527,58.141809281866855
528,22.815392272495437
529,41.54451686527056
530,33.41583964212469
531,28.107106446675807
532,44.07154378960195
533,53.66948696803968
534,60.14393536993759
535,31.150751693961382
536,59.993607224897964
537,76.37343459656478
538,66.05723257536128
539,73.11525140871211
540,64.80501470717088
541,35.65844908357936
542,77.21234101019027
543,47.263817603337195
544,65.68523690623478
545,73.32732842999896
546,71.60839780737844
547,51.79378815875496
548,64.23921461892726
549,56.79523724267639
550,35.690987499250284
551,34.37197352405432
552,55.521055661974685
553,27.41207478643065
554,71.27544766904523
555,51.904794553691254
556,44.98216904152175
557,36.19466100786201
558,70.69204956398141
559,42.29566119784651
560,35.13215456935079
561,66.52904405116118
562,71.57945977609658
563,66.8206114917532
564,33.44800301758124
565,74.89132222640308
566,48.92715325395383
567,40.42130517416676
568,57.74573271571245
569,36.052436076517466
570,72.2570131864055
571,28.234765111315948
572,70.55890201211389
573,50.95022823233579
574,38.47265871934074
575,35.524897932454394
576,42.597893846274964
577,26.006782758726313
578,57.900978885460006
579,28.597772213065987
580,30.56888760638258
581,31.140957323765278
582,72.57495581829602
583,48.273825822540246
584,39.28863209376303
585,32.87693809700157
586,69.42318368663449
587,31.98754786900802
588,37.414963625083146
589,30.82745575684944
590,64.15774783177375
591,45.3916849120922
592,76.44335041039295
593,62.84105404463245
594,67.7400399627293
595,33.099195838166025
596,65.35555548878526
597,32.43869681228124
598,50.026548174807814
599,59.911401895167224
600,34.19955254268558
601,66.85300142576503
602,59.900376459824514
603,72.1566605810849
604,68.29246534056088
605,36.96808589541681
606,35.78910952259164
607,65.45491309986221
608,33.59848547330892
609,27.334093558908442
610,65.69334179764122
611,42.24337508815252
612,34.601016785528614
613,51.630763968649454
614,31.80088835328575
615,39.48108626961024
616,33.74860222753029
617,26.395885400024532
618,44.9077656064559
619,30.217558761301387
620,34.65887897610161
621,57.82427517878538
622,66.723144571383
623,63.72983026791286
624,25.16349940645605
625,73.02834461507885
626,59.382197797598266
627,68.31656006116887
628,76.87838535767142
629,36.141637657356185
630,30.603025647036862
631,38.434598602948284
632,71.58157921340654
633,38.24028865395111
634,29.143569911557393
635,41.16434356355044
636,46.907160049748356
637,67.03351968700812
638,31.311288147307117
639,75.85955286731786
640,71.51419578718587
641,34.09167828284384
642,33.89065074124651
643,69.84512657148858
644,64.2911081954499
645,27.873005578296482
646,70.30973032258312
647,59.784962436786294
648,55.632107677582184
649,79.60804570475159
650,31.61256942031329
651,31.04074204681833
652,17.489010475746994
653,33.93893318597283
654,30.71681705592792
655,40.34716445937561
656,28.64698808895477
657,75.25254911271398
658,30.42489472087015
659,36.90237540409893
660,34.231060555606696
661,26.453888104568954
662,30.680387298442234
663,30.041223180085783
664,51.53172630781474
665,73.32441229529779
666,24.740157807134686
667,40.186813880147824
668,50.981807214040856
669,29.97806091202287
670,30.5327241082003
671,27.878517140938698
672,27.505606314365668
673,27.825888454212212
674,34.2069286285481
675,71.03215908944956
676,58.89210517042467
677,32.36749439828319
678,33.64914717961167
679,74.91895223130501
680,67.94867956924973
681,36.643918720607765
682,35.35602029987358
683,44.50667711484424
684,30.471468610481985
685,50.82091329591401
686,67.97678633501343
687,37.111196273023225
688,76.00249794998534
689,61.5396754768099
690,29.545953139490244
691,66.6987423832304
692,62.173886941136324
693,44.545703934600965
694,28.50131739361121
695,71.204404322274
696,54.997838142128074
697,67.89294733510029
698,72.33836435435474
699,45.3569319299769
700,55.43041023741287
701,36.39930169942175
702,28.816648764141714
703,35.66376443679101
704,31.569024437203776
705,27.95713431910382
706,38.7259438942322
707,68.20625156407161
708,54.51484554391001
709,39.762301770773085
710,63.226671255394315
711,61.37480064938159
712,35.142154194943295
713,70.40439144010608
714,72.25200220104745
715,22.596965507458428
716,32.54171563577796
717,66.05244851510085
718,34.174609939944546
719,44.81592846291962
720,64.50098997328345
721,64.20739579039426
722,31.931757161917368
723,29.50823256870774
724,57.66763783409395
725,34.00058717200061
726,33.17585446987762
727,49.800991788662465
728,71.53846070465121
729,33.58363778277035
730,44.850643295350636
731,48.62500293587195
732,30.440560942548228
733,38.380621320745455
734,49.29344047307433
735,31.230190065043644
736,62.33111996445538
737,47.732417685230814
738,41.70112592163914
739,29.941666060018207
740,31.530633735859432
741,67.79412952853227
742,47.83091891216608
743,47.540894339676136
744,31.567088721662593
745,55.95092079733746
746,64.53688725046142
747,60.16517213925639
748,30.718049483825205
749,44.29846166749153
750,70.26859644556654
751,46.95000693042969
752,82.20097418999922
753,52.53136492009778
754,42.80644494969314
755,54.920655513641
756,26.191746777947152
757,72.04753103223311
758,67.97711594005172
759,62.76177674000335
760,30.916590923227403
761,37.5269247801951
762,45.267555480572454
763,39.52044093019964
764,69.61857862443614
765,68.62507284662095
766,31.459567354925984
767,86.34421416720755
768,31.01306352826604
769,46.96548087263906
770,28.53297257767439
771,72.84492692550502
772,64.34280948039076
773,27.901220145080764
774,26.911054278687743
775,41.979765077071534
776,37.281727661643515
777,30.34134075887077
778,32.53090783256776
779,36.92354625406588
780,51.13020742799763
781,52.966290445982956
782,70.92889645921632
783,71.46425010091045
784,39.31017477884255
785,23.90133884499239
786,61.835763956517795
787,68.84798691295308
788,65.94053704339373
789,41.528447864651156
790,65.92483093036188
791,32.227177283307036
792,29.600839644575675
793,35.852116636121224
794,71.14344014632964
795,34.39933564433592
796,42.37770857180291
797,33.4073490056814
798,72.47732552503778
799,67.8334535881497
800,69.1262808413915
801,43.83389117336468
802,28.09638276976993
803,58.031514359293965
804,70.2988255207755
805,67.64385955656445
806,66.92240614732442
807,60.45314238284171
808,69.58101462341338
809,49.92907178560432
810,73.24298397391912
811,56.561593982473894
812,31.303091241790014
813,71.5297432323232
814,44.33825686080491
815,75.12560083878091
816,25.954311990084975
817,54.93264300434142
818,71.19977054647515
819,36.056000598016226
820,38.71618958880161
821,55.119443561989534
822,39.731215238249234
823,62.293766931847884
824,73.42056767818416
825,81.24455922316064
826,43.730698258983
827,30.46438837592308
828,27.54039602706962
829,31.944029166863196
830,30.61888833599103
831,64.27792962281788
832,43.045146302615876
833,53.9599712904094
834,30.055753153109016
835,59.94084870863665
836,25.636666638571803
837,34.67662029600655
838,29.74834313071227
839,60.83824777460825
840,72.32195984824358
841,68.94168622378588
842,65.88336647795522
843,51.57760035394802
844,82.2610024485536
845,45.428606107223516
846,43.81607886188557
847,39.269793661277824
848,67.93856056060075
849,38.994790582386386
850,31.381188535208373
851,60.92859368196727
852,43.94324810503886
853,25.283874812893316
854,35.412357323377684
855,31.047567181669784
856,59.644058180340394
857,28.091646799489673
858,31.642313730471038
859,68.15456539214952
860,32.04407228091687
861,51.55707658843465
862,42.54209080191545
863,30.460398179707397
864,32.75604334111682
865,48.327942277380764
866,74.81843428903191
867,26.357220397128565
868,34.711432953889194
869,64.69822063460622
870,27.269905728239948
871,30.6028697902349
872,47.88478041903843
873,49.667756099978625
874,23.204276907228564
875,70.14908778358861
876,31.169512150733706
877,35.613930602231676
878,34.9310439815167
879,30.066970126761362
880,29.866564807041147
881,30.685646345390694
882,75.7831387493729
883,37.42936046812578
884,41.081852500787576
885,27.67584807908046
886,55.78190185216839
887,52.582414245879434
888,73.22778844297981
889,65.33596632120303
890,32.631886353475075
891,28.103055489464833
892,74.0873612728717
893,33.527475050137355
894,34.98456553376479
895,20.989854059613627
896,43.98841877973963
897,47.185206467055735
898,48.78418977068054
899,71.76266152243046
900,29.39010431829031
901,71.21235130692733
902,75.57431449865486
903,75.92731351688195
904,60.72982680880209
905,76.39682702648409
906,45.717022536397494
907,72.68768894990549
908,60.09447951514613
909,57.685948125786226
910,42.59844367931814
911,72.872772017519
912,72.46107612486348
913,66.64368313221559
914,33.639654191321156
915,51.30012925851593
916,61.836365274304
917,52.893134207466446
918,28.978518049094987
919,34.44438644175411
920,26.77601952203122
921,32.647033285129375
922,48.83947032035718
923,39.03188138384324
924,68.72842821522525
925,78.6667852021786
926,62.26184504880823
927,37.79649369097408
928,47.002983394042175
929,31.1195312625121
930,38.23210768834093
931,32.79130807453133
932,30.57234965719646
933,51.3569349688915
934,28.548955860947554
935,54.22760277868892
936,69.83283852218236
937,25.306960304834917
938,64.13255336688648
939,58.58200129862911
940,62.35991397136998
941,36.19444293649866
942,36.29946032207597
943,70.48982698814862
944,30.791094565845572
945,69.44362005165128
946,33.23679106722672
947,62.26594518574357
948,43.65762066943865
949,36.22878775906353
950,25.246395670365892
951,50.843793812300945
952,49.80401841765887
953,58.36506208134365
954,39.240278655500305
955,88.9674655843208
956,66.87751664904391
957,51.69207268053833
958,42.67843176235921
959,27.19492740209854
960,37.14150994340336
961,39.59421437151425
962,26.36513828945166
963,66.58034269586477
964,53.48029687013127
965,38.733276541311405
966,31.014012444037355
967,67.26633684333123
968,30.054417736887387
969,27.141161324905404
970,66.09955919647652
971,35.51907534479384
972,32.9299667901813
973,48.951562746648776
974,38.315421616487825
975,30.651295744221265
976,68.00967225604401
977,68.35326602691156
978,66.22520939943206
979,30.707924958733415
980,57.50630091138762
981,28.494516437061996
982,66.01163063047765
983,30.285728580840264
984,50.71437854847018
985,48.95146863553308
986,27.739816130311834
987,75.20273513005702
988,25.683203308532516
989,71.62026312635581
990,31.95940967839203
991,54.5884423068743
992,31.874657718966755
993,31.504623294590274
994,69.7197107856716
995,23.777421851562544
996,51.602380549240095
997,25.015851288222684
998,75.36262718338367
999,33.84744391512864
1000,28.038447425710295
1001,64.87449082229183
1002,27.382941830528985
1003,64.05051109882315
1004,62.02245032771683
1005,28.214424465072753
1006,73.4036331877285
1007,37.20197757695747
1008,65.52413583672408
1009,33.06813230741236
1010,81.10895278249929
1011,29.785594378244163
1012,30.710480350881028
1013,73.41001681386832
1014,42.5274590586251
1015,70.12753682665729
1016,35.70691744443032
1017,42.82857797054834
1018,30.636879986554256
1019,71.07144050255644
1020,29.930717982596363
1021,38.81125611240172
1022,37.388273990657275
1023,62.46184518390201
1024,67.51455922538824
1025,21.598816534096468
1026,34.31823605968768
1027,32.1771753573237
1028,25.09285139972144
1029,32.171353400650204
1030,63.99928753499776
1031,33.85117602416384
1032,37.89293882560908
1033,29.45655475312543
1034,32.139106504770126
1035,68.0786032013907
1036,71.82394405888026
1037,67.77033130509145
1038,55.93287963482346
1039,67.25201216423956
1040,55.968612329835636
1041,24.09757838889241
1042,67.40837989871488
1043,72.25061039519753
1044,22.479600234603282
1045,68.05263188255347
1046,37.019005606245244
1047,35.05566699975001
1048,50.11824038401592
1049,31.540345704390766
1050,28.880456116555322
1051,68.16296668199989
1052,35.79155996043121
1053,56.068502480685034
1054,67.12053712547205
1055,36.17167652605263
1056,33.221128550707476
1057,32.6958130546576
1058,61.551632128842115
1059,33.93017556263872
1060,62.535721471233074
1061,62.42256102107947
1062,67.46736765185805
1063,59.66179246002254
1064,35.2714138094811
1065,63.9451898891908
1066,55.25791432582065
1067,40.74578802301226
1068,30.7336988616458
1069,36.65655583982157
1070,48.006661046521465
1071,26.541090926406202
1072,41.85135649471494
1073,29.59696407008819
1074,61.31720585393428
1075,32.28689153917011
1076,72.10973418209839
1077,40.03378979802297
1078,62.14582249142745
1079,50.29151006676656
1080,34.27310652043365
1081,31.861767115450306
1082,30.422589074776774
1083,70.6793823425419
1084,60.39857052995884
1085,30.195687327432083
1086,36.597563838036564
1087,64.43119288853984
1088,31.278231257282417
1089,39.681064374903066
1090,32.87678636244903
1091,74.03933977793096
1092,65.07609494472511
1093,32.67081135148933
1094,33.05035155913145
1095,73.06181166913385
1096,33.265940318997046
1097,71.71607820828797
1098,67.74009601368972
1099,75.93759077724434
1100,24.803621428928132
1101,26.535056575370962
1102,60.286002243367946
1103,31.014461711676645
1104,62.187378867936985
1105,35.48398586203095
1106,66.27070743760612
1107,62.81988273384286
1108,21.694778049331834
1109,61.09711096147217
1110,47.308687876295274
1111,40.70759783813438
1112,56.848300432377165
1113,35.43933012128156
1114,65.27548075694254
1115,59.40943967164715
1116,53.78432485348446
1117,38.868445565737034
1118,64.1794924248525
1119,32.019571087087876
1120,39.06647884535377
1121,29.411670002407455
1122,30.930601691667007
1123,32.552527200927294
1124,66.57766795533009
1125,25.480693505614347
1126,65.92321382027151
1127,59.84003218840452
1128,41.048595647932046
1129,39.82488817887488
1130,67.0541848851579
1131,78.15283978632463
1132,36.00655518354405
1133,34.949513583249995
1134,64.38486870340562
1135,46.531668237974245
1136,42.84576162055729
1137,44.543968101814755
1138,57.5164980301316
1139,35.543254561939634
1140,40.630597308511426
1141,53.6150046988269
1142,70.59547558425183
1143,28.796834280027895
1144,63.290228240682566
1145,70.20925319904191
1146,36.5127888210158
1147,48.91583307967332
1148,36.81743300640336
1149,67.23981443780146
1150,26.019038278780013
1151,34.52327551142233
1152,28.746675614777516
1153,59.53417702430435
1154,35.1180672304307
1155,30.635484158502237
1156,27.03109474076555
1157,72.18106327281187
1158,73.22514606623629
1159,67.49167209155098
1160,31.112480052098036
1161,64.50477177941485
1162,69.9926804586366
1163,27.972192040875505
1164,70.11009691715407
1165,64.81412997960186
1166,71.16686588872362
1167,64.4406761129168
1168,34.559958244996295
1169,52.43205507122422
1170,25.38140754272166
1171,70.58393767066671
1172,30.87448072588181
1173,61.942192572058126
1174,61.32693467829714
1175,56.90381129142468
1176,65.35519702288724
1177,66.1485178123954
1178,37.04148620802308
1179,32.352597080941166
1180,33.546914889371934
1181,65.65224189860712
1182,43.28574341024005
1183,28.979391051018954
1184,37.481773953170595
1185,36.938705955283396
1186,66.67721313299732
1187,54.90220219831754
1188,25.703702374620327
1189,30.54386414704294
1190,31.02833883748152
1191,44.7092527602798
1192,44.952816576020645
1193,32.83019269766117
1194,48.42604903990599
1195,35.36684623862189
1196,35.59125806006637
1197,68.11243783494021
1198,33.059399319949314
1199,57.64300238365093
1200,65.00207397883234
1201,36.846571255824806
1202,75.00303747564031
1203,55.633350248554656
1204,62.91694878161048
1205,32.89040197863133
1206,33.74240491622376
1207,53.92117101091219
1208,40.47585018285802
1209,61.51310201625586
1210,62.731248869490905
1211,48.64813164907212
1212,78.70207791836853
1213,48.829837483835696
1214,67.38207472381286
1215,61.125778290962664
1216,27.627414928275158
1217,56.961788051941
1218,32.16526106353831
1219,62.97006921555225
1220,46.63675737257856
1221,34.3261906610094
1222,38.23217034768807
1223,38.135599492159486
1224,36.228906420144924
1225,59.57189818240466
1226,70.7929187172062
1227,59.40131409758995
1228,49.63482046169347
1229,67.86754271260122
1230,44.95608849576833
1231,31.595063468394557
1232,49.189491324198855
1233,59.474151780695024
1234,66.04306260826243
1235,42.49328706488154
1236,72.54339108127267
1237,57.17840292353735
1238,51.83861003733828
1239,34.1618538123685
1240,34.329119809399884
1241,67.64760954713134
1242,32.759345379464655
1243,33.93949368669057
1244,43.73809749806028
1245,53.15006736411502
1246,71.45869244910328
1247,46.9446782218262
1248,72.7387433717091
1249,31.883358771424355
1250,44.85859736729833
1251,30.94566544733862
1252,30.74492481094353
1253,27.80132138939154
1254,72.97217169846955
1255,63.487975180347036
1256,49.98869384461473
1257,70.02867337877265
1258,67.70112404939118
1259,70.52323827130108
1260,64.90317392720706
1261,34.0469140209929
1262,24.22610489293509
1263,76.87254730598687
1264,31.361519709294633
1265,60.39322765985769
1266,29.85789084346919
1267,65.36803302867125
1268,25.05436536097681
1269,68.51689005285894
1270,46.74528763561742
1271,38.501605146755395
1272,40.04774698861924
1273,36.93270719009284
1274,68.52419426337065
1275,68.92247035708917
1276,62.402306259690775
1277,34.29427246994879
1278,54.314181198761915
1279,29.8036344870791
1280,66.76276295594758
1281,63.30961902847514
1282,60.14801068999704
1283,30.96441778167821
1284,69.99183638773573
1285,71.29756759627314
1286,46.87459530978063
1287,39.673395319533796
1288,52.04901996525892
1289,62.429340747669485
1290,32.98138752553497
1291,72.3506357923246
1292,51.46589511094575
1293,30.382018547375203
1294,45.28718224008528
1295,65.811243466516
1296,33.35925347781438
1297,31.04149428735474
1298,36.01551227045506
1299,49.368843777990904
1300,52.81283301598148
1301,76.39389416495811
1302,65.06752278363906
1303,66.57843518740836
1304,68.33936977528437
1305,49.96904717858812
1306,64.1571329510626
1307,29.17314890524493
1308,55.51723009193811
1309,32.32436155783997
1310,52.277788473954786
1311,64.11278208738038
1312,68.49565519808144
1313,34.711894946820834
1314,29.52373555472837
1315,33.02830971825452
1316,32.70215415143674
1317,58.856930129964454
1318,33.75999979325556
1319,38.35786116781612
1320,47.51392413735518
1321,28.79115533363958
1322,68.81678867567331
1323,71.91645158954901
1324,39.36609929455272
1325,67.32059757900326
1326,44.033324649654595
1327,24.141507363946015
1328,73.2554440880438
1329,37.28185953000694
1330,67.55054591591721
1331,52.93853062143084
1332,25.22702716442265
1333,42.86700553954362
1334,74.45549840018587
1335,69.68548660967264
1336,71.47709964955703
1337,30.080430403583474
1338,48.67249614315503
1339,58.48597163459346
1340,29.994920301145587
1341,30.668495404082147
1342,34.9383651248441
1343,30.920277465441455
1344,29.60589608321034
1345,32.46142213340251
1346,51.80294646458221
1347,28.691016547525738
1348,66.40997103609095
1349,68.17847499199682
1350,38.299146829712576
1351,60.958297336884584
1352,30.102721993463327
1353,74.39685039336511
1354,68.14700234625805
1355,44.794458599487484
1356,67.03064275449739
1357,27.93930905795969
1358,30.406761242836378
1359,37.173274430165065
1360,50.845715691889566
1361,66.12628053081251
1362,36.55931492061886
1363,29.699400013878694
1364,27.252995564075693
1365,32.37749206970638
1366,40.89545177006745
1367,32.624623751522236
1368,61.81779384140957
1369,47.32137662298311
1370,35.00164228356387
1371,33.861308218590864
1372,31.39805998121099
1373,70.24342947457913
1374,26.24956291167798
1375,28.518254876361453
1376,72.90020415302907
1377,35.64835187283078
1378,62.365026948151026
1379,30.64480305601563
1380,26.496489604780066
1381,32.08007505803074
1382,34.84468223187357
1383,28.192581700002734
1384,65.93808585058252
1385,75.908502421457
1386,70.40965765940294
1387,40.320085240911595
1388,32.3079986928914
1389,34.765735599336914
1390,71.1127217684688
1391,35.14220706114975
1392,71.08523359724886
1393,54.683555074273684
1394,37.14163463865347
1395,56.12794134300391
1396,38.835818814357395
1397,30.090669277438657
1398,61.456834203237534
1399,48.01158760230486
1400,27.69442116345989
1401,53.883148659286746
1402,25.20579903662277
1403,30.151880130982985
1404,50.70339556060586
1405,75.63457292811422
1406,34.94362685899401
1407,33.98287413493307
1408,45.304570335634004
1409,56.67394660970665
1410,33.04960786644378
1411,32.88778230450119
1412,70.54121974971756
1413,55.266205733982304
1414,62.98452739721708
1415,71.80683642088344
1416,70.14355849641275
1417,26.34660691256489
1418,66.08573807590693
1419,75.66837432211405
1420,63.60737823315657
1421,68.4146298418666
1422,73.50912480301515
1423,40.669512809053614
1424,46.86971257882455
1425,30.95342394247837
1426,35.508874924044974
1427,64.60927711966687
1428,66.56397997986194
1429,35.32156086954956
1430,79.29758261785904
1431,28.203604104300275
1432,26.500032615571946
1433,70.6243431788698
1434,61.793741410759
1435,55.794646805115036
1436,36.30276972205836
1437,31.90921748919766
1438,80.11603059993769
1439,65.56807399425678
1440,68.51741145465991
1441,33.185307464894386
1442,40.756668523037284
1443,29.180628439655052
1444,38.999608764450755
1445,33.044265672095065
1446,36.24720902650673
1447,71.93496684740788
1448,67.42753320111498
1449,47.801510170913296
1450,56.87523911521326
1451,36.859920496215466
1452,31.685349848429787
1453,70.67978713428897
1454,43.63121905927967
1455,71.05345204972294
1456,66.02860760528519
1457,72.16878395480597
1458,42.21847045490834
1459,66.72044254913696
1460,33.986163629304635
1461,64.42373537220462
1462,64.6223538387385
1463,30.53282125666045
1464,49.40462020733472
1465,51.21040503559785
1466,41.20155188387657
1467,32.324705942722844
1468,41.70800882110546
1469,37.73577928360568
1470,39.63717833711558
1471,36.54079986315615
1472,27.582956537703687
1473,70.03908799847441
1474,38.6056674108483
1475,50.05943827438733
1476,49.29780207054123
1477,46.73859046000574
1478,68.19289126869737
1479,45.984403466658385
1480,36.6302774372692
1481,44.96523524699053
1482,26.694682417548094
1483,46.30986694158101
1484,35.88982694684995
1485,47.557049678618895
1486,66.84323872359526
1487,30.941287103263026
1488,31.2509645431869
1489,31.274795574150907
1490,27.215905139668294
1491,42.08784606997589
1492,44.03201817976764
1493,73.01038592342059
1494,51.176733378217904
1495,61.53886225078178
1496,64.38177623915963
1497,22.921146481715876
1498,62.01639862302721
1499,59.57698601269631
1500,72.04055507044842
1501,46.73647551570798
1502,64.30447366964658
1503,40.251540994854935
1504,66.88397715738327
1505,31.29284140222961
1506,71.77870808550419
1507,32.25019398067431
1508,36.48770374051966
1509,41.379554823990794
1510,52.75202646489569
1511,71.4241854405911
1512,61.410287205829135
1513,35.96143155174985
1514,38.05521879922179
1515,67.73399886224722
1516,69.2821255275739
1517,34.65998386725087
1518,77.07772857581045
1519,30.578459676216504
1520,39.87282938728959
1521,48.5206478171476
1522,56.42043843176087
1523,33.80799370263227
1524,28.529890787971112
1525,31.649275458795394
1526,47.015669689595356
1527,33.260902603302966
1528,30.6126275081983
1529,25.385561187008832
1530,67.88781528475353
1531,64.95488694278934
1532,71.61404281133808
1533,40.40707976910012
1534,66.30191118497993
1535,50.539284700486796
1536,56.630807251081386
1537,40.30813307303297
1538,32.059809467446684
1539,50.45843045062279
1540,65.43788813667511
1541,50.50841390074004
1542,82.18955937470639
1543,73.61698650818906
1544,55.85135414433333
1545,46.98273617366529
1546,42.83923911633858
1547,66.29346661212837
1548,68.23640177051166
1549,39.15896380356989
1550,36.52595614480023
1551,29.72740274056094
1552,56.92736646606049
1553,63.76895878938913
1554,67.46054315555074
1555,33.90768678512412
1556,35.14372724868048
1557,29.663029099028087
1558,70.18853858095096
1559,59.84583118274665
1560,65.72910404917322
1561,41.878835131360574
1562,72.35657357910442
1563,35.430262865596724
1564,63.186057766127945
1565,29.190363925427647
1566,33.09776758870193
1567,65.34748576326136
1568,35.619394809803815
1569,33.16146520212915
1570,26.216856242227955
1571,31.489612202164487
1572,50.822870859460444
1573,31.37286726896234
1574,73.2651864914069
1575,69.84822929611586
1576,66.40711561206943
1577,31.203339303765695
1578,73.08606871972862
1579,52.771646731693934
1580,69.63845432122372
1581,33.276651134387876
1582,58.64954412701851
1583,55.80925555962452
1584,45.91755359251652
1585,71.37494818022579
1586,29.3177833714956
1587,33.3850666969994
1588,30.32050906016771
1589,42.64495016106141
1590,71.84111996687206
1591,38.59664524246085
1592,31.669726724861526
1593,72.32723912217162
1594,71.20250356728924
1595,47.840190381336605
1596,34.5450181652613
1597,62.53839261521997
1598,57.9833002161818
1599,24.896105709230916
1600,29.462908123094678
1601,71.1355437567511
1602,24.952391117894813
1603,59.090551561359234
1604,46.09266866990197
1605,39.403497888463086
1606,57.46761934492979
1607,71.79307114608721
1608,51.46959665772517
1609,35.24013684996687
1610,66.59700270000526
1611,39.18799093643375
1612,37.29691187236838
1613,32.111972510419335
1614,42.8847251048333
1615,69.98277786375515
1616,32.95538831794874
1617,59.82787512901433
1618,61.734826242954405
1619,36.325618255762784
1620,27.209437003028654
1621,50.75721230453113
1622,63.70944458650527
1623,64.76072140458102
1624,72.93469641740748
1625,68.6429340419998
1626,38.67294965487665
1627,45.30777133155905
1628,28.76874250102971
1629,26.521875000073056
1630,40.76787641549765
1631,69.67552608006895
1632,69.63919651454418
1633,32.30684104447813
1634,46.94437597027287
1635,33.879945257267124
1636,34.611253185662555
1637,47.184488119684204
1638,37.252735728124435
1639,36.087227794432074
1640,50.79620352662986
1641,44.07451991348865
1642,43.26880446552601
1643,63.372138948141355
1644,40.711151413833115
1645,60.10331272066114
1646,66.41053330311995
1647,73.53155606677784
1648,21.941244551239848
1649,64.77428216177069
1650,32.01209881291457
1651,37.3818891167747
1652,49.095590957205076
1653,69.52826491530149
1654,36.229190560768956
1655,56.26249326428608
1656,48.6436061845963
1657,63.654799984054605
1658,73.65396212632528
1659,57.50477827105905
1660,55.46761284648888
1661,29.223465494511615
1662,68.39813530002395
1663,28.547556057989397
1664,74.06575338068835
1665,28.36170974653648
1666,50.449305657707434
1667,54.99266763392623
1668,64.59460434525313
1669,36.26426810335275
1670,39.5551976549737
1671,55.040462612406145
1672,67.72792264353022
1673,41.617155110693425
1674,47.93030413732398
1675,68.22115509461365
1676,71.52160864900264
1677,66.10583994057606
1678,63.082828312984056
1679,30.865544784601504
1680,36.188746604276886
1681,66.37292852449127
1682,60.30349478262506
1683,69.29625957280633
1684,68.65492558931417
1685,32.51958947496891
1686,54.78409886563035
1687,26.2765007294458
1688,72.59733869236676
1689,63.03337698263608
1690,54.15768595475312
1691,68.37368527383475
1692,39.70601345348495
1693,43.88414882475361
1694,70.30085990628147
1695,35.211818411618225
1696,48.739756896809176
1697,32.97712016644203
1698,75.58672582201999
1699,66.85984978168831
1700,31.42784904586989
1701,57.43087215411395
1702,27.534168386120008
1703,31.80201883853009
1704,30.01235205829048
1705,37.148413557409256
1706,68.49718496962748
1707,67.74084893500225
1708,26.431042113098016
1709,65.26888668412508
1710,61.5556592474578
1711,67.50650594089585
1712,38.27399867826918
1713,31.400017725897538
1714,58.1966967203623
1715,37.73696544046503
1716,56.659180625037095
1717,31.9328776042169
1718,59.2214077865573
1719,34.25520216324241
1720,50.56101266175119
1721,27.501308829469124
1722,29.841213045317193
1723,41.52743399483173
1724,37.65042333433823
1725,74.43106636290165
1726,72.59878155118321
1727,37.27627775026641
1728,59.743367397638444
1729,72.53063083911942
1730,49.52127678603334
1731,30.284598748292026
1732,37.3818611013415
1733,72.43790763913874
1734,37.71049292139374
1735,44.12350832081876
1736,31.263888411805453
1737,57.16830077222635
1738,31.20202841276504
1739,48.031335465452926
1740,36.79293006393982
1741,35.3376299733651
1742,34.74761306671382
1743,33.27864966615345
1744,80.37561775025026
1745,63.156102057372735
1746,48.17346366175169
1747,67.29066585349624
1748,73.98192715054483
1749,23.954632343997975
1750,52.50032542249997
1751,36.74580906027261
1752,35.115311540159446
1753,59.49983139405022
1754,72.65487154246009
1755,73.0723102962048
1756,46.58041914612139
1757,27.51276312502649
1758,31.754369883824424
1759,71.81919555860974
1760,32.67405179499703
1761,30.715181302420657
1762,57.311258031108785
1763,67.99934194732245
1764,47.848973557521205
1765,36.60556715284981
1766,66.33037650521682
1767,31.538231773477133
1768,72.18530887388016
1769,66.22477969328334
1770,66.37088230893453
1771,32.886885023949446
1772,69.76897845116956
1773,30.978596479597297
1774,27.122663569060258
1775,35.952831914468625
1776,29.90935924332465
1777,26.769660280069328
1778,31.80779519333524
1779,53.454704841075745
1780,40.08531808382984
1781,33.20114960266944
1782,68.94409658967608
1783,29.480237319102162
1784,70.0191681802329
1785,62.82366962766149
1786,37.507456203494
1787,54.60918411275269
1788,69.00363297273367
1789,33.432771850832864
1790,38.888244363605146
1791,53.501315595253764
1792,37.69577303880823
1793,29.302104287253847
1794,62.83523744706191
1795,61.131459334774384
1796,70.51736663689269
1797,37.163752695940396
1798,67.54365062519463
1799,30.779345704395304
1800,29.682155347674097
1801,47.92597043559367
1802,56.27248972193898
1803,38.63233971316761
1804,27.09087911136332
1805,65.09355238950576
1806,27.26834804613234
1807,30.190920493858137
1808,46.711613496863286
1809,77.31103094273173
1810,55.35612208749928
1811,27.895529223187726
1812,59.19779288412928
1813,59.87977190696199
1814,43.563012705015325
1815,29.66022951510026
1816,58.671814132366755
1817,37.3976970528421
1818,32.99480883127229
1819,27.669179931890707
1820,64.44146850047909
1821,64.24869446819127
1822,73.25275851385742
1823,39.77813365360196
1824,32.275295846056224
1825,30.65634370562588
1826,31.375622724554386
1827,27.18412051015801
1828,38.32703557254138
1829,69.97125881302938
1830,27.76763727363538
1831,30.04750168139893
1832,39.60891642019765
1833,38.73169796298479
1834,66.91510558529353
1835,36.77404530253671
1836,36.32015922190162
1837,71.56710691229802
1838,60.31969393749368
1839,50.18049470799257
1840,29.63786189680994
1841,32.76807476319881
1842,38.81181153081328
1843,34.59795087862655
1844,54.76990570963663
1845,62.17762198608703
1846,34.2444321167291
1847,58.81959285807537
1848,60.78158398118049
1849,60.701012761781854
1850,33.809417573918
1851,68.8544706094066
1852,72.7567587123516
1853,33.06387527062173
1854,56.89841905010469
1855,38.364200220345836
1856,67.14830226897723
1857,33.447377189229364
1858,46.360268858666316
1859,61.085555995729024
1860,34.133610170107225
1861,66.05403714353014
1862,54.003576999064784
1863,49.754732707147525
1864,58.08431703107274
1865,67.0781628506127
1866,69.17425253079917
1867,67.58102425694707
1868,65.0251013373719
1869,30.605260306141552
1870,68.91346602944434
1871,28.910260139281526
1872,46.539731188813505
1873,76.34647925772052
1874,32.253419582621696
1875,35.742508486034566
1876,47.736180261005345
1877,34.862509630562705
1878,37.5328570455595
1879,54.710442193288
1880,71.02927182338428
1881,48.740677059223444
1882,29.451868751230705
1883,31.2979104917052
1884,64.08906617270611
1885,52.33875881464752
1886,43.95477488094157
1887,30.71505239519346
1888,30.326114035350457
1889,33.940612722534105
1890,65.46000644619916
1891,67.2454771341075
1892,74.12389069228334
1893,33.89668966562432
1894,61.000566546382714
1895,29.94978593836794
1896,68.77355073263247
1897,38.480280062196314
1898,31.005554615661055
1899,34.274343302475174
1900,31.224500578402832
1901,32.67123234073995
1902,41.733690805339165
1903,73.43322886436846
1904,25.04364364890978
1905,39.71004522525918
1906,34.72395058223597
1907,48.1430298599286
1908,42.75134985136407
1909,29.90481269263649
1910,65.60993698028561
1911,60.66762282535953
1912,49.877029024681185
1913,63.29869182465339
1914,34.58695383062735
1915,73.70245170839216
1916,64.1987451817869
1917,45.45581165448226
1918,32.67710857727461
1919,27.553145795699784
1920,66.61668000372613
1921,74.07143385552068
1922,61.039567081736585
1923,29.0820441099849
1924,51.72506949636602
1925,58.77183258288815
1926,70.35411325167583
1927,32.38133467094781
1928,53.861699155268866
1929,31.26953403542421
1930,40.792258571441494
1931,43.97417277254295
1932,35.17721791580597
1933,31.522090967214968
1934,29.92455125515924
1935,29.09272802913631
1936,75.77021929968329
1937,27.769703466376974
1938,56.57288299734874
1939,59.590312995823226
1940,76.82969086065684
1941,75.09616867478508
1942,33.184877444546714
1943,31.09903039890073
1944,39.64131613761377
1945,32.08482756433774
1946,34.236952893568734
1947,43.312444481587704
1948,54.34200935587911
1949,69.10250446705875
1950,31.475090642276513
1951,38.28137493410826
1952,23.79987977632726
1953,43.280139184642245
1954,70.62353652455663
1955,36.104723818838444
1956,46.5785627445352
1957,82.46845298538034
1958,28.637175069603217
1959,37.116651147129836
1960,29.97401054886901
1961,30.23414360519016
1962,63.9271717534661
1963,71.03541734208129
1964,27.046361011109912
1965,72.08430905636965
1966,32.294076163939636
1967,37.08892942350025
1968,32.80348732397202
1969,27.997802388175902
1970,33.78067555085459
1971,43.110720658601664
1972,65.00401367459637
1973,36.519559760080554
1974,58.29767597400618
1975,61.632926544590376
1976,29.895720314277114
1977,30.32282225030932
1978,57.60260109643937
1979,69.09678579567391
1980,55.59092943923447
1981,22.41103315728632
1982,67.47516899918658
1983,30.966898436943872
1984,35.74709810578827
1985,33.5608677014666
1986,51.683512302931845
1987,29.410916799145426
1988,31.42134684251542
1989,53.17312847565691
1990,50.032114959179935
1991,46.54234729568848
1992,31.75995606816392
1993,44.86919786086445
1994,51.55485646193557
1995,50.891162966021135
1996,71.0198262775471
1997,67.05814206370384
1998,32.19768940994516
1999,50.299298124418144
2000,58.708546080706654
2001,35.00422404879796
2002,65.5327662983762
2003,66.71702318547604
2004,36.28162831429211
2005,56.66503491293822
2006,72.76731608654322
2007,42.76507918093482
2008,36.98084577251389
2009,54.754710325197905
2010,32.45977746236049
2011,33.94268125753514
2012,36.773052015578216
2013,69.68551939614674
2014,52.148997238494886
2015,63.48021873668581
2016,67.9905130212536
2017,32.41621359670984
2018,63.09555859054675
2019,46.613087330795544
2020,28.59316314548159
2021,70.51199346080378
2022,66.65704786710751
2023,39.26349474565413
2024,69.2350007855561
2025,74.89900276858954
2026,27.015250467628032
2027,28.39878048176251
2028,31.774317005686903
2029,27.185815839892133
2030,45.167178125409535
2031,41.12618387648163
2032,70.61016547000445
2033,47.84272491295878
2034,61.16898517292884
2035,48.91542004305082
2036,32.996746162794004
2037,61.83010137932294
2038,37.70496125877312
2039,67.08681928799034
2040,63.678570783761195
2041,38.85670357949589
2042,67.2087900352522
2043,69.77752598497214
2044,32.25862116750033
2045,33.5184822461339
2046,84.59957776331609
2047,35.78325937666863
2048,40.62735818169171
2049,72.78008396555447
2050,36.56239986869097
2051,40.39630593356869
2052,38.49464756868976
2053,36.963345496354194
2054,70.28174504961555
2055,54.765081668803624
2056,65.35104632687475
2057,37.99901584489966
2058,27.654484621817396
2059,49.87894633553047
2060,64.4421352746926
2061,44.58447951368709
2062,70.20279429916907
2063,71.51965139798664
2064,68.51418545023746
2065,74.73399278047415
2066,66.58443066785065
2067,59.89144259900231
2068,30.863796568984764
2069,37.474189283737694
2070,69.2811368012037
2071,55.59317621567848
2072,63.859099933557594
2073,34.844612576630304
2074,70.14865982870434
2075,52.50115210632463
2076,32.774070385266484
2077,34.81233701608266
2078,74.14219811718063
2079,35.45594241844727
2080,70.82486213261848
2081,46.09053425322089
2082,33.79307729917062
2083,34.47353486225616
2084,64.37091907558047
2085,46.23224951108542
2086,65.51981795964763
2087,28.02492266199107
2088,54.708519369468206
2089,62.67122746569918
2090,62.67185485069451
2091,32.40600175529685
2092,53.136478306403376
2093,30.72587819591739
2094,30.62389415970047
2095,31.171617703777585
2096,79.11369820821947
2097,29.143657471460465
2098,29.330394906379397
2099,31.600820493226177
2100,31.96785761635863
2101,52.69960880023991
2102,32.367153346781336
2103,35.94668708304039
2104,63.68065332124
2105,36.07424242420487
2106,65.60643490487831
2107,35.68491928248234
2108,47.38553500560418
2109,66.93698058081337
2110,39.87606544434775
2111,33.881160854881635
2112,33.12671577125331
2113,73.72147327824572
2114,58.17652385586024
2115,29.070851986211505
2116,55.46316127993806
2117,58.1116214302492
2118,65.93847553256305
2119,35.038017117984666
2120,41.19013827759212
2121,33.31261190051768
2122,33.47254436457923
2123,38.65737902917144
2124,60.58014342930721
2125,32.77306017502492
2126,31.141583285801033
2127,64.91879481328361
2128,34.332092000841975
2129,68.91147850909906
2130,44.7696436992461
2131,45.77457817051547
2132,33.94762958953853
2133,72.03503656704459
2134,26.485532657959453
2135,30.90850005319816
2136,49.720721310304974
2137,59.41728703371953
2138,63.627145918425754
2139,73.58169053144083
2140,33.14434624242519
2141,34.420346798064
2142,32.958870389113144
2143,48.65039458742204
2144,62.83424383539405
2145,35.848820129458225
2146,70.52206336413806
2147,32.83799031535218
2148,63.7118746036414
2149,67.38915491383824
2150,50.78541013393587
2151,57.04330526348191
2152,50.11186069677561
2153,73.94878041288132
2154,78.71875729045526
2155,52.00434857119167
2156,58.28096585426889
2157,58.678582233632724
2158,72.38956797283402
2159,67.07815952358946
2160,34.40240085129945
2161,29.63089153091448
2162,37.39979796774415
2163,69.91372649998783
2164,45.52892881743111
2165,46.564504112561906
2166,35.12516839643485
2167,39.0310165591702
2168,38.44720453239709
2169,32.87667343554117
2170,27.012886793213863
2171,69.71497448263985
2172,56.960890433607524
2173,33.5998254383453
2174,49.75274941270759
2175,56.66913621757433
2176,66.87923100179691
2177,55.78381214191947
2178,59.74859958101616
2179,27.16216396991065
2180,29.699992791468873
2181,53.43461011931772
2182,43.67886200521776
2183,37.01412268388202
2184,70.02574801836946
2185,34.869578900174716
2186,34.302594149560676
2187,61.00645279534001
2188,41.77908222861495
2189,29.743818272894064
2190,69.65620620359468
2191,64.34418769057089
2192,28.13515300275221
2193,62.97014120644867
2194,51.415047068722444
2195,51.92198585009377
2196,59.53837887782102
2197,40.47683711140574
2198,30.005968285704522
2199,68.692232030718
2200,32.58451428480615
2201,27.567267239972107
2202,66.90222960076139
2203,71.90160153418972
2204,23.934348157635704
2205,36.5595976985177
2206,34.11171889435384
2207,27.987598500418294
2208,72.64830486727531
2209,30.997238489699406
2210,69.25793119510931
2211,68.97700776308437
2212,31.99012370571583
2213,34.3678924632632
2214,39.60192284935744
2215,42.56552334140365
2216,33.10319292090564
2217,59.68026584320405
2218,70.55396809632214
2219,31.422316902761025
2220,77.83667313069847
2221,35.21927856930864
2222,30.959886446846916
2223,23.069355539574747
2224,68.50972386694792
2225,36.53419639077444
2226,28.34193774485472
2227,46.71443245098365
2228,29.5840446349654
2229,22.41017342916557
2230,67.78073942936113
2231,67.13993706895374
2232,69.3814769481944
2233,31.72569343246284
2234,48.76771543098437
2235,50.84822619485359
2236,58.87591021420343
2237,55.119153391465474
2238,42.60573063873984
2239,39.767502038538
2240,52.30212652010019
2241,63.90180636604519
2242,27.45431388144629
2243,56.85412996353154
2244,67.55495896601256
2245,65.12288901826918
2246,47.654491293999236
2247,50.40806673193791
2248,26.013261276066714
2249,68.34048214696689
2250,29.345652609221247
2251,32.29406712042122
2252,34.32417289230192
2253,31.035905284082098
2254,65.99902462563766
2255,71.38795652533412
2256,32.42082965771513
2257,33.69883670099374
2258,36.02706692087111
2259,48.6363414755174
2260,51.81881065897417
2261,48.05045525080336
2262,64.54935559282113
2263,52.142623668168554
2264,33.12209793875795
2265,66.70022254876459
2266,61.04483655492991
2267,31.17021718144396
2268,32.13200174524027
2269,35.30010571490521
2270,37.014632011019614
2271,68.66269661056594
2272,41.15097481843978
2273,31.410716387203372
2274,30.8845481159316
2275,42.635532010557654
2276,44.15314268775435
2277,35.84478254937719
2278,44.500326277315324
2279,59.19883851334871
2280,66.28812563188404
2281,41.82445400774902
2282,54.4294670321162
2283,29.364034509834852
2284,32.10983616244119
2285,36.971479798033656
2286,50.06589342074733
2287,29.53081656178174
2288,77.06691153583503
2289,64.50559126493107
2290,24.953788950390894
2291,71.2799935368671
2292,38.34948974286992
2293,43.31080062326911
2294,65.60662579266253
2295,40.336848104047334
2296,33.076048902620734
2297,28.3661729395945
2298,34.80466902592764
2299,35.47121105093099
2300,66.90168333175669
2301,67.20388598222827
2302,71.25311145331908
2303,52.38160582332295
2304,31.46851918441544
2305,52.65107649383283
2306,31.2964848056859
2307,26.161570713586407
2308,34.10283168121931
2309,31.46047383998129
2310,27.910815979787973
2311,64.04383154382137
2312,49.03028223118987
2313,35.014164409007755
2314,45.755160051085404
2315,68.75841762014997
2316,47.59047458170747
2317,30.77164717041024
2318,70.34600465451045
2319,67.53320283516271
2320,47.14051619821501
2321,33.17994035454939
2322,42.70958109373443
2323,63.47431775470445
2324,49.14160429230754
2325,40.29823255059076
2326,27.28516369772887
2327,27.926471239571427
2328,69.63462911005877
2329,65.63805363826026
2330,60.20347358035618
2331,36.37355527359198
2332,33.505295038455465
2333,75.1728032376976
2334,39.90669510401677
2335,27.76123283760951
2336,42.15951269990275
2337,25.202556554163312
2338,26.789970639781068
2339,68.41185975379031
2340,33.38920211695132
2341,45.01818193114549
2342,71.94097509693887
2343,48.39495157004224
2344,59.088864744719366
2345,44.19289049702493
2346,46.32642306364004
2347,28.675857762533177
2348,30.26031010988835
2349,68.90002718877645
2350,31.675910696661866
2351,72.06074269785904
2352,35.890104800044384
2353,26.70874962697434
2354,33.26970668242443
2355,69.23808101311771
2356,56.15559857140233
2357,35.592953177222945
2358,65.8954128761434
2359,26.63096742868522
2360,29.162101995138723
2361,27.437834630858312
2362,68.15220242926597
2363,28.028631087894425
2364,39.117536293615814
2365,25.6906436516618
2366,64.9429640283575
2367,48.44229928414609
2368,76.64251334865206
2369,36.41774810334246
2370,70.89948726519684
2371,40.27267643989909
2372,30.85251544818832
2373,75.39278097278661
2374,70.6827067751884
2375,41.05354401320713
2376,27.388097994165065
2377,28.67525506611176
2378,49.22184476293198
2379,74.69990084985508
2380,73.01533535807658
2381,25.109211613327453
2382,29.043905741649315
2383,44.44867775786398
2384,41.71668004373139
2385,65.54986092520086
2386,71.02696352452082
2387,34.68730057194875
2388,37.5811004528311
2389,35.375158373666935
2390,34.779698841992726
2391,63.83422851293766
2392,71.61673135076416
2393,53.07460940548984
2394,63.446585413994676
2395,58.093800173111326
2396,50.10971940197629
2397,29.457680849899525
2398,33.31855303582408
2399,56.13469750798362
2400,25.675915599975603
2401,29.39780962377506
2402,65.97942516816067
2403,64.50929694492228
2404,60.54928982126458
2405,63.076384076515666
2406,34.836576831997526
2407,66.85218931422165
2408,61.37653309012362
2409,36.860759032614794
2410,67.1487994203024
2411,66.83937743579898
2412,30.701604627480478
2413,27.194906241723334
2414,48.33660491606676
2415,30.6799239658184
2416,47.25126446672736
2417,28.198228388583885
2418,70.18051326064483
2419,58.958363834145295
2420,55.726876303445934
2421,71.96219839236747
2422,32.29634036271038
2423,66.34108969045687
2424,67.63398426740173
2425,67.19504144893227
2426,50.12441546959269
2427,47.55211136322084
2428,53.458412314212595
2429,47.69057125417898
2430,41.84001385317431
2431,93.84419990785025
2432,82.97015212595282
2433,35.07933011213439
2434,28.588109407345
2435,43.74645291378128
2436,58.70271502715953
2437,27.044171613036763
2438,71.76732042267173
2439,63.54411247798617
2440,23.318467156212222
2441,54.69182207516557
2442,35.05886386284668
2443,36.47020898841477
2444,41.27408109742691
2445,28.974917009358283
2446,73.45309422590461
2447,70.59341592196057
2448,51.391033316842275
2449,61.72390246048565
2450,27.353085665608226
2451,29.81036632715699
2452,66.87978093417327
2453,26.790369193315414
2454,46.43366739116097
2455,29.174051350402756
2456,53.66714002711508
2457,38.292584616193494
2458,57.90851269287329
2459,48.22774042146194
2460,45.36248363088078
2461,70.15858209005722
2462,47.5376150485404
2463,54.727843683186016
2464,40.525813614047564
2465,31.87295330643552
2466,72.84386825604128
2467,32.21250687084574
2468,61.893593142916245
2469,67.06555119588353
2470,78.20401959723284
2471,64.36060989219732
2472,28.439699292936822
2473,23.399318313517167
2474,32.10469208200773
2475,64.43689903765438
2476,31.574442067856648
2477,69.59163610336773
2478,65.18220593336066
2479,28.476808877456463
2480,22.26796877060126
2481,69.31407361296843
2482,31.453737209841975
2483,25.40091671557867
2484,31.295418187272688
2485,29.717596088245283
2486,67.32028363883946
2487,46.82212450992263
2488,68.05199018606285
2489,30.43089156677693
2490,30.931243127237835
2491,43.40695648616746
2492,44.70571035342022
2493,68.39671293365174
2494,58.434522192299866
2495,59.5143145947241
2496,44.58094172561158
2497,71.66628557107076
2498,50.22296058614203
2499,28.07290444461358
2500,50.382755150381385
2501,41.07209015419839
2502,33.606801106716446
2503,42.63228965375352
2504,62.5196710653053
2505,73.43716512122755
2506,70.94779107830477
2507,27.830752343937917
2508,48.47687201665932
2509,60.58417816515667
2510,68.17607031883335
2511,25.922124210607606
2512,52.430737267964886
2513,31.17793905494643
2514,33.463702106558245
2515,29.49046039630723
2516,71.57383120710777
2517,56.28659370822466
2518,73.09961628245239
2519,52.89807600318871
2520,42.39708933981978
2521,30.986641891567416
2522,35.2878869707972
2523,34.19708901552967
2524,72.62741098305017
2525,34.81894532520244
2526,28.89269016602577
2527,28.666135875464008
2528,70.12396808242815
2529,39.91407931483479
2530,54.774006545908506
2531,64.75347585752604
2532,38.44146097933641
2533,69.43544661543103
2534,33.74743739234018
2535,33.69261006344956
2536,28.668285173273134
2537,28.179430719916056
2538,30.832249408442763
2539,33.091666534087075
2540,27.852489572160003
2541,38.93024323602056
2542,29.359709807710743
2543,25.94888948970923
2544,31.781784605892774
2545,68.18949748286434
2546,27.376212363578983
2547,74.26519410242027
2548,56.28236152479658
2549,25.595729065056787
2550,48.37744091312152
2551,35.060371027916204
2552,38.56958936712571
2553,27.399952629082833
2554,35.056231663257634
2555,82.01535615317324
2556,51.26095417164209
2557,71.3688370872951
2558,67.27729119990325
2559,59.549022841115615
2560,68.02245320856602
2561,37.08308564699483
2562,49.78239190914093
2563,71.72340451367243
2564,24.725960494605133
2565,57.8962718007459
2566,37.33548332531213
2567,32.46110921802119
2568,32.939962196062375
2569,34.501813672475535
2570,31.383189551643802
2571,45.22409303828469
2572,69.45956258382527
2573,60.207767534681416
2574,67.45600662693964
2575,61.9027134960796
2576,34.79360414411205
2577,64.63084491073984
2578,65.51328265629728
2579,27.451913663689695
2580,33.620553204207475
2581,33.914678003115355
2582,26.548185017782636
2583,63.030999819810354
2584,73.45895505681543
2585,47.161696838223676
2586,65.25107020618388
2587,80.07991664476874
2588,65.10864117941931
2589,54.95207710287014
2590,28.019339920437176
2591,65.84086165736672
2592,28.511486307544907
2593,71.19749320219707
2594,64.67964189448266
2595,66.42234764580525
2596,59.85498604451499
2597,64.53971453825255
2598,42.825126871065194
2599,31.666899277845793
2600,37.55974669091851
2601,29.59183645144518
2602,26.130044270950087
2603,65.99464496666228
2604,33.029594306822865
2605,29.07949606669264
2606,64.52543768326645
2607,71.55529012024834
2608,54.9356372725709
2609,68.0128384350566
2610,38.79071579625433
2611,60.98866691179525
2612,71.94569772177763
2613,38.638353918338865
2614,53.392380378508676
2615,29.253362762751024
2616,26.069430452170685
2617,20.162072408666475
2618,73.70026475505301
2619,55.01677641595555
2620,58.18452803874867
2621,69.56470532934566
2622,64.7681551497301
2623,68.22495671110057
2624,51.15663476657409
2625,29.452828306414958
2626,30.571609742600636
2627,32.424647796652955
2628,69.36869531333126
2629,33.92106930690856
2630,40.47702539797853
2631,31.448632338253997
2632,70.04149898419922
2633,30.2178261403923
2634,56.42215458459353
2635,65.78648100165542
2636,60.23967854281993
2637,60.63617394206064
2638,28.764496047590857
2639,35.19564313977706
2640,62.91678404401933
2641,27.005425200680186
2642,37.02251954569756
2643,41.35862564234336
2644,70.78324478655337
2645,28.503734648055243
2646,63.49540677577997
2647,36.79921993733343
2648,60.18037754569401
2649,35.03529300126101
2650,59.515412265321395
2651,29.91088465799924
2652,30.540668433800022
2653,27.429763873948673
2654,30.7556834642222
2655,64.76546249711518
2656,71.62296319372845
2657,68.13374197266114
2658,58.8508797425981
2659,34.563857924064294
2660,30.445974234026774
2661,23.148211152448674
2662,43.78159448057476
2663,68.87215904220588
2664,71.96194640772663
2665,55.73599565543163
2666,67.32435230724604
2667,42.46507531788109
2668,40.46979464868839
2669,37.6498231730338
2670,33.19968922490148
2671,46.18392319146723
2672,56.30555510467327
2673,30.27672396235949
2674,72.1395183048298
2675,40.51412930842479
2676,44.5907039364011
2677,70.10646612220562
2678,37.390194909450116
2679,68.78892009296688
2680,30.10011861068989
2681,58.66591304946973
2682,30.243243811465412
2683,30.092791229779543
2684,63.70436357417091
2685,70.62400530152777
2686,39.135272416292246
2687,41.163405459398405
2688,29.24436341802376
2689,68.21562989295383
2690,61.51566403812183
2691,34.97178537874737
2692,33.24305340914941
2693,37.40641914845285
2694,53.492073258234804
2695,30.934015028155713
2696,71.27495912106218
2697,58.45401777323514
2698,68.70853711760341
2699,50.869246391451334
2700,32.64879113066627
2701,32.584108739440396
2702,51.77038997103234
2703,49.59182693809909
2704,82.64333548088528
2705,91.48426562016715
2706,36.75262850085535
2707,64.58626069082212
2708,32.7083972926401
2709,35.18428711020642
2710,52.78841135501767
2711,35.825559271531176
2712,40.48998829267596
2713,53.897342390768024
2714,65.97725695135256
2715,66.58184026571274
2716,68.57918697697546
2717,24.900317322871928
2718,53.451118989611786
2719,23.466179071407414
2720,32.79790454106579
2721,28.24516092462551
2722,67.25062898980147
2723,27.464682338259227
2724,67.4062706810267
2725,34.731165108295
2726,67.9936309461823
2727,19.68118733684342
2728,48.3154323325386
2729,44.736181098627746
2730,32.33621456337209
2731,26.9219544073627
2732,46.998690726043975
2733,44.52584851929374
2734,32.51788050572452
2735,71.89976735845724
2736,69.2116468512746
2737,38.82677540207066
2738,25.64266850533926
2739,72.2930452884829
2740,64.74914389562467
2741,27.479725988668697
2742,39.23043436439907
2743,35.00308214600645
2744,53.00198154338758
2745,39.16671878294408
2746,49.45775051031467
2747,72.89381309918089
2748,57.46945023445748
2749,39.58091535131446
2750,40.40745264683105
2751,73.76526190147447
2752,56.73707279406963
2753,51.95793325530177
2754,49.32069404160673
2755,56.79860832125074
2756,26.0873074172223
2757,64.17104016014976
2758,67.88342616770913
2759,36.90925647398063
2760,33.58464621424549
2761,36.69749917328683
2762,41.920195035772075
2763,32.708335298480044
2764,64.42469232753206
2765,68.5867346272909
2766,71.10507533745434
2767,79.41879038265287
2768,63.05938434694241
2769,33.10570626785996
2770,23.455840209939005
2771,35.197721659583515
2772,56.754128763412254
2773,67.11795581950058
2774,34.4734278291371
2775,39.25332363168455
2776,66.50265430548062
2777,32.96457381054837
2778,47.11666612696437
2779,66.66382048432294
2780,32.43307752649128
2781,71.7837137153121
2782,48.00261171791434
2783,71.2053808104789
2784,67.20600789573616
2785,37.78054708225237
2786,71.47496035660426
2787,57.588859055342496
2788,28.503713602206325
2789,73.89588160622614
2790,70.32903363860811
2791,39.51504461785694
2792,37.60258629256664
2793,48.71236015763021
2794,67.34634502626463
2795,31.56684634084543
2796,51.304078163632205
2797,31.82819050982021
2798,26.45761676648558
2799,72.2020841778012
2800,51.805390302914745
2801,59.4747898989302
2802,53.735765546102996
2803,69.98853370097795
2804,41.51699804012917
2805,33.20712963722458
2806,83.61389168889279
2807,35.01218636849109
2808,43.72136000696325
2809,65.1544842306499
2810,36.47912757257958
2811,71.43304419028125
2812,44.00508301095716
2813,71.86947600884685
2814,45.55321997861527
2815,32.150092689410656
2816,55.131562087665905
2817,38.940572981440134
2818,26.782526282123058
2819,28.695167425880342
2820,63.72810122998153
2821,65.25151641084821
2822,29.427041034211488
2823,50.093149508847915
2824,26.65304337597069
2825,28.603106895082973
2826,75.53303400390787
2827,51.00946866032973
2828,35.60056519426552
2829,67.3178377451044
2830,30.355377175841177
2831,64.75085024836521
2832,67.69523546876991
2833,38.70452650356638
2834,71.12443640107637
2835,41.61618621385291
2836,31.04840416011447
2837,72.43111616146518
2838,46.88665644031582
2839,73.20645359448248
2840,67.06493255642259
2841,24.339773346827705
2842,64.33598839469151
2843,68.94794093194038
2844,38.290117459477436
2845,47.52576865010331
2846,49.87186441888535
2847,68.34785854421544
2848,49.09690617317861
2849,66.00095925348487
2850,36.717864141523975
2851,67.21081641412094
2852,57.54918806607921
2853,38.06826090527557
2854,28.916145333205442
2855,43.330926025033875
2856,66.1935683902928
2857,64.45149266786024
2858,61.0705077650341
2859,48.220988100741764
2860,29.115346885945726
2861,47.874734108461176
2862,30.298016607344294
2863,64.97305245673294
2864,33.54574656190251
2865,32.639340538043015
2866,68.34437006405818
2867,28.448158211075416
2868,55.42519656744873
2869,34.025274231457345
2870,28.842801571296057
2871,31.496214154977785
2872,71.96707179177463
2873,25.469521793048976
2874,72.20776267054283
2875,31.7971608114114
2876,37.94704233690069
2877,34.34633188747718
2878,57.71868428162237
2879,65.30677093253648
2880,40.086374426244035
2881,62.50916763616581
2882,74.24775522221067
2883,40.53331648251692
2884,75.53220161163749
2885,53.49105396982685
2886,29.806665804659023
2887,31.703512079592144
2888,64.59571092765428
2889,27.930299824232634
2890,36.16661894565574
2891,59.340417321268916
2892,30.068565232634022
2893,78.38844351940834
2894,33.957418099412294
2895,51.95762308768823
2896,28.176570908595828
2897,30.38373584122551
2898,62.68602052854968
2899,44.760087354500826
2900,33.2262514487493
2901,30.066176048902356
2902,25.49248677112683
2903,74.50313063879199
2904,30.97884703536505
2905,60.36188061114876
2906,49.32568129208029
2907,41.882389659523334
2908,62.135909094012796
2909,67.9856811041241
2910,43.13982732627814
2911,66.66989328954119
2912,66.32173107609385
2913,42.57671389229681
2914,41.19288831174229
2915,69.96269038201999
2916,38.40274416615428
2917,27.44384571737953
2918,33.23922182716351
2919,39.231434672733286
2920,29.044485091648994
2921,27.225147717054856
2922,23.248504906975498
2923,56.46589374406294
2924,31.291177004275237
2925,54.47080390701303
2926,30.604909446043898
2927,52.43767599017364
2928,40.17597115953656
2929,36.13750422264911
2930,44.44610566378242
2931,33.09315724003123
2932,31.423498353835686
2933,45.03308275982108
2934,30.708030785249953
2935,40.19839414564433
2936,73.98907986266218
2937,26.74856261038748
2938,66.83571360518309
2939,32.46933094712925
2940,30.353609148804374
2941,31.651868928494544
2942,64.44179984192596
2943,30.45734601607138
2944,71.56658180315146
2945,69.3229130171224
2946,58.18895408004001
2947,29.596422039030156
2948,25.85500423558537
2949,57.22853924473182
2950,33.51417942110949
2951,40.544120699006385
2952,67.93793833669355
2953,30.922979331255814
2954,38.02185399753293
2955,35.21252896436758
2956,47.37383149218372
2957,67.90471309193103
2958,25.075130083606993
2959,27.79287690979696
2960,31.47302299678052
2961,45.25694933887034
2962,74.87749186838639
2963,32.10641219341085
2964,32.497909395238274
2965,66.77835089775584
2966,82.1619869338763
2967,34.40110676505652
2968,46.24504364261643
2969,28.193773545071885
2970,32.45543628140464
2971,34.6099746947124
2972,50.29555994618913
2973,26.77596409214423
2974,37.39729542003097
2975,34.780167412498756
2976,35.168066241017456
2977,36.46561828098834
2978,35.20571658967132
2979,32.93761494523303
2980,60.833769265437745
2981,71.02491196177272
2982,72.41102660843572
2983,66.20825215355192
2984,35.53751418469828
2985,36.40686392233851
2986,39.14101023425263
2987,42.14391885264544
2988,72.73933876963913
2989,70.60114456822652
2990,66.15571434163948
2991,29.983324207753093
2992,70.3857259310097
2993,32.10370235080653
2994,67.68733042496387
2995,33.41598531290849
2996,56.040860091005094
2997,30.918479674340894
2998,72.24500506748824
2999,29.49443534323843
3000,77.4034974161919
3001,77.74095034921936
3002,56.38391120544865
3003,28.617424837306196
3004,40.52888142180403
3005,32.6823823786613
3006,27.070373664849573
3007,72.95376991532407
3008,33.193953282984594
3009,30.596171996970487
3010,35.51140149005388
3011,72.12597900047435
3012,68.8272354269723
3013,66.42606542495237
3014,33.790447477527145
3015,68.63854314588166
3016,69.756517563691
3017,66.65477480949596
3018,34.131214663560904
3019,33.81599919872453
3020,36.613854730920835
3021,30.84301419831707
3022,59.29498428282949
3023,47.92466014304616
3024,70.03428749405678
3025,61.131817911367264
3026,50.94984984172142
3027,31.676791920463895
3028,42.40030968370044
3029,40.548520200128515
3030,71.45682233914067
3031,32.062917738573184
3032,44.76087310519623
3033,30.637728051700208
3034,65.51529812125395
3035,68.4406482105242
3036,66.70180086596513
3037,33.51923144223139
3038,67.4911842348821
3039,30.1595047409228
3040,66.90083260240462
3041,71.75017188576875
3042,36.98368600616152
3043,32.305284912926595
3044,46.43313200023344
3045,63.025365669310574
3046,41.02626829534586
3047,49.84514556891319
3048,32.764606841453926
3049,25.96961641106583
3050,25.498456518290194
3051,32.38076403708796
3052,68.66041856702266
3053,39.32431768471755
3054,63.81891168027671
3055,71.96610000835464
3056,51.08294223118721
3057,33.96384693493984
3058,41.10810168124801
3059,88.26528161520181
3060,59.706164837432425
3061,67.98417391149282
3062,38.903830918370176
3063,28.31597743321992
3064,29.191616018444982
3065,75.97707160569453
3066,35.36133875152029
3067,66.00430819509175
3068,30.796227297571864
3069,31.603910436866222
3070,28.38149341771274
3071,30.292324597777245
3072,64.58807134708594
3073,32.37488854288341
3074,65.1983060280649
3075,27.019882012488807
3076,49.59288891913355
3077,39.3310411318979
3078,54.05083669108321
3079,66.3636686720165
3080,28.877551812061945
3081,35.36382890791279
3082,74.04045940181817
3083,64.9570039059089
3084,63.683764444914615
3085,31.95522680149366
3086,34.603747102864645
3087,24.752666832239825
3088,40.982505560069114
3089,40.65653443275741
3090,55.19456748853449
3091,65.13104985886872
3092,35.127867826316404
3093,66.95547402738538
3094,31.038859795059185
3095,65.40649194070805
3096,69.83146136699091
3097,32.91515922748296
3098,37.18515170292108
3099,47.21835992600946
3100,34.433055815940016
3101,68.98247014801677
3102,28.06605263388473
3103,63.134393051007756
3104,51.49925280226441
3105,36.77557935727117
3106,63.89120903445304
3107,53.46812626956536
3108,79.9796849462944
3109,69.79293418533018
3110,66.83852584466662
3111,68.48134916494452
3112,44.9525313408285
3113,33.15376471018949
3114,33.04643226482078
3115,26.139360369457428
3116,51.94144370815329
3117,28.168473042825656
3118,40.17044769356498
3119,63.93262725952791
3120,57.847817221028
3121,50.69582367166076
3122,37.02745667205859
3123,30.468363101273518
3124,39.90734393059011
3125,56.523860605054594
3126,31.784012532652824
3127,42.50962563504225
3128,34.765316132139546
3129,28.5898563406398
3130,37.25514813972963
3131,47.83909476810459
3132,28.481101890280875
3133,72.72981326963931
3134,71.91449485469981
3135,56.877675776977
3136,75.93264202340052
3137,27.67001490062623
3138,32.95597570554207
3139,39.69342482374753
3140,24.046298145479444
3141,64.66181545072897
3142,64.89504890078052
3143,47.69238689130248
3144,59.2942566863065
3145,26.36906477437574
3146,29.881519972078465
3147,46.164769227646985
3148,28.21154796178742
3149,47.25603353615532
3150,66.29314814772582
3151,29.313407444078845
3152,36.44649829594457
3153,34.64411003200171
3154,30.370222424770404
3155,62.541365475055876
3156,29.822661493311177
3157,27.746375589801882
3158,33.00583800392797
3159,37.586203344447654
3160,70.30598486399394
3161,32.96271400135073
3162,61.040714899321245
3163,56.746241923201076
3164,22.46023767129025
3165,54.20554091021431
3166,70.17147451418676
3167,43.61042293212459
3168,42.35771575093788
3169,24.885230638955804
3170,56.75919156484484
3171,33.79148669543903
3172,57.27632198349913
3173,33.4744697287758
3174,28.039430001512553
3175,51.05675021230723
3176,28.440419209514083
3177,69.9956863894041
3178,45.82097680984545
3179,57.50547908454973
3180,31.28963965016908
3181,73.74726616160085
3182,25.883431488822055
3183,31.99390410527972
3184,29.476065515058437
3185,31.6443583776246
3186,33.55740920716386
3187,70.50132886122454
3188,34.42237613665992
3189,41.27731656288562
3190,66.88919029727867
3191,67.58198597158867
3192,44.450542321210094
3193,76.31299787173292
3194,71.25007172105884
3195,29.977374605519636
3196,25.323678559180827
3197,63.825228624416056
3198,71.64051051617622
3199,76.23112627300328
3200,36.78704921414233
3201,24.130354352157987
3202,27.065161252587423
3203,46.25407294125744
3204,65.31385000932806
3205,63.191015930445126
3206,38.354703924350254
3207,25.117809112156674
3208,32.112673505701196
3209,64.98691020200931
3210,45.34693298778564
3211,37.355905363306626
3212,64.88420248905061
3213,70.39524003042521
3214,25.565137923415545
3215,29.56203260667192
3216,31.87411905926784
3217,37.7369569606807
3218,31.047846128984716
3219,68.8749939762418
3220,69.50215449819694
3221,65.18904058666757
3222,34.01509053529699
3223,38.52983425171493
3224,25.110728154782763
3225,31.05312771747154
3226,28.411527917385897
3227,47.333972358685806
3228,73.69426428629082
3229,39.45256679592664
3230,31.78529543666683
3231,25.05569088270091
3232,30.996648872489533
3233,69.32253305325608
3234,38.05468794011545
3235,49.415671553410135
3236,56.667435976870834
3237,67.16884735392608
3238,60.08960308770281
3239,30.21015361211652
3240,28.826770879640964
3241,30.81449115283794
3242,65.18099551719988
3243,28.29057040090974
3244,30.842053031476254
3245,35.642166576014944
3246,72.17422179967504
3247,44.265105659716276
3248,63.61144372233405
3249,65.35017119529064
3250,64.47712767073163
3251,62.24806768708979
3252,34.07400855636095
3253,84.59453779689024
3254,68.78435722354979
3255,48.864297987043734
3256,74.3263143458235
3257,34.026665880320685
3258,28.76536132533284
3259,34.725550694281715
3260,60.31325607245157
3261,35.26040193025989
3262,52.169904126538924
3263,31.7478988014605
3264,29.813245061507857
3265,30.724450561295797
3266,33.66484039169896
3267,65.313906076652
3268,66.2346582639794
3269,73.97466788222982
3270,63.68413412141637
3271,35.592897405033085
3272,66.89183977802654
3273,33.56402169081509
3274,26.817947258972715
3275,33.70181639632152
3276,63.48175608431353
3277,80.25435848441887
3278,34.578369460923454
3279,26.273557358039668
3280,72.88703926823689
3281,72.41622966905598
3282,65.55189474508893
3283,28.1989399371671
3284,28.879453650517704
3285,52.00814042479059
3286,28.791931890954025
3287,28.75108356191127
3288,32.70456633413081
3289,62.752828652804894
3290,68.26906232837351
3291,67.1796726280659
3292,30.935048467331995
3293,75.44077327755922
3294,52.59299963986638
3295,32.21330406264636
3296,37.08157102348913
3297,67.20978855086129
3298,67.78757555808126
3299,48.060283428233795
3300,69.3459281783389
3301,74.26854960687734
3302,78.41601562009492
3303,29.36723783516537
3304,32.51222940724112
3305,71.0263226910921
3306,61.887173054825894
3307,45.85745729661858
3308,29.15492834902915
3309,31.72531217557311
3310,28.378759931947585
3311,59.10249313454065
3312,26.729553060741935
3313,35.411698082867915
3314,34.19269325019924
3315,37.613487542931466
3316,63.40217691830159
3317,64.75187984949308
3318,28.722899420304465
3319,28.019452497216072
3320,45.485654191013865
3321,30.074050129059057
3322,65.48709936822182
3323,30.71449788485799
3324,65.94032227137383
3325,34.04086803361305
3326,40.253532568094826
3327,29.451911522005044
3328,67.46217653026606
3329,67.30545695017528
3330,74.06380943453304
3331,29.007219137093553
3332,55.0266158896423
3333,64.36319036516417
3334,68.01608159701519
3335,36.90962458526659
3336,47.725086065150634
3337,70.29426458336889
3338,70.1507264226766
3339,28.684097875323246
3340,41.74351747909882
3341,31.129239578015454
3342,83.25581236737085
3343,70.38401092678374
3344,72.28380083437355
3345,66.09013792652385
3346,60.2132048064038
3347,30.8264133583113
3348,31.369373351601894
3349,29.280192730953168
3350,55.12782603588118
3351,43.08992861958433
3352,68.951917629418
3353,31.26989467909886
3354,31.789718582569463
3355,27.17853179098756
3356,68.64118564994251
3357,68.16295333817467
3358,42.1711269306933
3359,39.548291683576004
3360,39.56322399338703
3361,59.07968712929555
3362,60.16708235968453
3363,74.02699358504904
3364,41.68679485236311
3365,54.36757302487257
3366,30.528469955684145
3367,48.246918161638945
3368,49.547719207700695
3369,52.848142034003445
3370,34.484896610403624
3371,30.248940505663334
3372,31.178174662763332
3373,60.78424996622251
3374,22.168633522703367
3375,62.71951093380786
3376,53.78271560916109
3377,73.96696057243449
3378,54.232651725260155
3379,29.507200288171575
3380,33.479301386124696
3381,32.118032190930606
3382,67.52368330469056
3383,27.73904200091355
3384,29.408049035717884
3385,32.1702643028389
3386,29.85455842233327
3387,69.90026952392182
3388,62.50662686035392
3389,34.31985119425252
3390,37.01773482812462
3391,36.150207014603865
3392,28.534906363609608
3393,79.15767952540719
3394,71.17427142944814
3395,65.83635845329864
3396,37.36516185974969
3397,28.223058030768136
3398,32.399833911460355
3399,60.92579480635434
3400,27.44754415095094
3401,39.38037478949001
3402,58.87616805667559
3403,37.28187104333148
3404,63.728208034606254
3405,74.6786796785431
3406,43.97131242781864
3407,32.7647886508607
3408,29.78970003534057
3409,68.8206606595287
3410,59.96184344877022
3411,60.721686889621836
3412,51.78406353100249
3413,40.35126804720403
3414,38.481840033187304
3415,54.883147236745216
3416,72.49764295738541
3417,67.76084834490781
3418,28.424004872986238
3419,32.041508899627765
3420,65.16869450955423
3421,35.83583237623564
3422,55.14272020618778
3423,32.00396766660915
3424,50.999737049143555
3425,34.337962251047294
3426,66.19892499556134
3427,29.98321361448506
3428,35.02780123468491
3429,54.49620209196227
3430,29.687556632325105
3431,67.14920009240332
3432,48.10017374857109
3433,62.986430604047484
3434,33.250730996276
3435,72.1406773876524
3436,46.671598418115295
3437,58.39450241623719
3438,23.328768547299887
3439,71.24080388691864
3440,38.36287084779666
3441,40.78602511481029
3442,32.59298294118927
3443,31.012307751816984
3444,69.97559075081578
3445,35.88464370687827
3446,26.822630614414294
3447,53.51396533801951
3448,55.09404993152185
3449,39.363331527321954
3450,28.617697598589615
3451,38.90871424938179
3452,44.47210750609728
3453,44.38973984062629
3454,69.75764240995926
3455,34.01050630600632
3456,40.70494445707071
3457,66.86123017242075
3458,54.05131559368581
3459,42.38556366253307
3460,31.44448581207447
3461,44.718955785866285
3462,67.16680215646234
3463,66.80342408036073
3464,32.909569986045575
3465,34.602244387477995
3466,81.31537192200254
3467,59.67718505311898
3468,35.903578738855416
3469,31.820681104432907
3470,30.383656247715983
3471,52.121317635100006
3472,63.765621961902156
3473,60.7504996044271
3474,66.75631248038316
3475,69.47353899529276
3476,28.439640658305265
3477,55.36244407691646
3478,41.70728377686536
3479,27.547344504760716
3480,29.068840146082046
3481,33.749576108847236
3482,28.871552623801186
3483,64.99424757597818
3484,26.602760399283277
3485,61.487677902522634
3486,52.713975119155194
3487,23.42436927720526
3488,32.94984026472295
3489,68.85633412188501
3490,65.93360007435184
3491,45.26549905820668
3492,49.48202838610031
3493,73.32695084539469
3494,34.696809245440335
3495,36.996389916050646
3496,32.0956957463262
3497,29.306803767922688
3498,34.60798064152644
3499,56.55631900104528
3500,35.41887456504037
3501,33.528871114020944
3502,72.3042037835443
3503,57.04490957696365
3504,33.96183610719971
3505,33.29182626632019
3506,71.225112388747
3507,28.605858078618702
3508,32.88241751461103
3509,31.433526047020763
3510,29.307096337778162
3511,60.68554305782856
3512,30.77483363416413
3513,22.6314099501797
3514,22.707697678767598
3515,72.13214769433944
3516,72.44920286819078
3517,30.170856419397087
3518,31.79796328809212
3519,68.23306313582854
3520,73.16753346579999
3521,31.53362089959469
3522,45.12012771369933
3523,34.880719284503144
3524,61.5714558396058
3525,28.305950433483396
3526,31.537645671705132
3527,35.393860820857185
3528,30.615874929746354
3529,42.77255471709669
3530,64.37484502795303
3531,33.10091126924674
3532,59.08486707338206
3533,31.90641790250855
3534,32.14695407934583
3535,71.4001415975086
3536,49.078151353637786
3537,28.629290430752036
3538,35.17503335273674
3539,35.12079996176058
3540,33.18224446112255
3541,33.82990678967336
3542,38.22251524391636
3543,54.396221859417565
3544,30.706485968258587
3545,77.64658852898262
3546,62.33148108220769
3547,46.878032256904596
3548,26.263848375210593
3549,65.27363342509238
3550,51.21151062205984
3551,32.78219786969032
3552,43.98343565129172
3553,56.05245967129117
3554,36.66064512693514
3555,38.00556028663972
3556,47.92415112073773
3557,63.22080082260162
3558,77.1867373205619
3559,35.71595259897699
3560,72.50725322749527
3561,29.933629622195248
3562,76.93491127829316
3563,33.85776139058895
3564,48.44224330061391
3565,60.0115314259974
3566,44.0291777659726
3567,42.562461288140994
3568,28.07974465678973
3569,48.00707406665594
3570,47.92652763363892
3571,44.0643177771714
3572,51.06716977703186
3573,57.61692686243014
3574,66.12126583642828
3575,58.99382269833855
3576,55.37776077768871
3577,45.242342939444455
3578,32.62616917755841
3579,38.86002991707734
3580,68.6520576536717
3581,29.232783482398894
3582,29.851413057146974
3583,30.973197735288913
3584,39.10300516945379
3585,30.960192439407713
3586,77.87854969969123
3587,67.91005815105184
3588,66.70918339710258
3589,66.86127357687627
3590,34.18370760233744
3591,76.1877885444632
3592,72.94149520999325
3593,26.80275462679152
3594,31.57162506428455
3595,59.01882375095711
3596,26.882430299850547
3597,37.66655261526122
3598,32.93783445903331
3599,74.19785024982258
3600,71.54601416649355
3601,29.298367588495285
3602,34.02656721338026
3603,68.39966457094421
3604,34.72181087306628
3605,67.09720569508704
3606,34.876585629609345
3607,37.21271856681407
3608,65.05026872984638
3609,35.86641937609208
3610,29.67583366558005
3611,50.39667818128995
3612,61.28827381709317
3613,63.49591643074061
3614,52.28506461916596
3615,63.87209729916017
3616,31.093212653090358
3617,58.7752965906745
3618,29.601422680208564
3619,48.93945586095646
3620,55.41351733178584
3621,62.43271081591512
3622,33.37170074154682
3623,60.15686715152144
3624,40.85275574946891
3625,33.01618771063991
3626,37.22892893203321
3627,63.97758788644359
3628,29.574212066452777
3629,65.15245332480333
3630,67.19342025504483
3631,27.489996913358304
3632,56.39560924056305
3633,29.06984886687294
3634,68.77144683799769
3635,54.460267945461894
3636,54.20002587205957
3637,61.82363125938995
3638,51.34586247652006
3639,73.28805427661487
3640,34.358096808186055
3641,53.28750936686593
3642,40.295977639236895
3643,65.35824417877993
3644,27.764271309834193
3645,39.69278504739774
3646,53.36247766109373
3647,64.44954643219923
3648,26.41954540840718
3649,39.55992638831841
3650,28.296974777334032
3651,31.230826171115257
3652,53.1375325057557
3653,27.64482177231514
3654,66.78683395280224
3655,69.27047673458546
3656,38.53537448626321
3657,32.01986854524275
3658,64.80375467257291
3659,47.11341822433938
3660,38.84171982695013
3661,69.12997201727765
3662,24.874130948885103
3663,27.12283683448838
3664,64.84481016538363
3665,33.62235997157774
3666,67.25624894167794
3667,45.09279201337959
3668,56.815062598116
3669,30.32861441872427
3670,72.73046170183628
3671,48.94380072447964
3672,29.488115913212393
3673,49.75661483850453
3674,27.668149792314324
3675,66.47538657643025
3676,63.57742710340473
3677,65.31678132758515
3678,66.70952161118677
3679,51.0449432846563
3680,74.32317129558452
3681,39.93348978262063
3682,44.697873893440104
3683,32.7528372177005
3684,61.02008033327809
3685,29.01610653293856
3686,54.515653022365974
3687,66.99263496235825
3688,66.57758944245971
3689,67.7649248923133
3690,62.736642679542456
3691,31.263706592295424
3692,73.42284967739113
3693,32.1095752439012
3694,52.876247795963984
3695,36.6015070845226
3696,80.34290553696947
3697,55.97292472354117
3698,25.039510449336728
3699,46.94351103116502
3700,35.339048751821906
3701,60.301126121445435
3702,65.9438967155682
3703,33.2261511326977
3704,69.85671090458514
3705,70.49391379023226
3706,59.155382941464865
3707,35.60193977350714
3708,36.12642565096144
3709,67.39544009390869
3710,52.38604281815395
3711,36.69608174593113
3712,29.97884060742004
3713,68.60133994112766
3714,68.05692335282792
3715,28.862580875403822
3716,37.43296742897901
3717,71.48941388078828
3718,69.31516780259999
3719,66.41689558996286
3720,31.965283609830273
3721,72.21372123149288
3722,52.2565921701285
3723,72.56095636536004
3724,32.73661632097473
3725,31.787713127940297
3726,37.057357647531354
3727,50.741813920902075
3728,21.108137896440244
3729,68.72319064466845
3730,31.675106478445798
3731,44.87852280096804
3732,42.15354240443142
3733,72.96749920404119
3734,60.75002606122228
3735,63.45139626625255
3736,31.491583718540035
3737,75.1319040522915
3738,69.16602349982863
3739,46.183151278773586
3740,33.62994213304661
3741,63.21880399742069
3742,71.72831916295456
3743,36.01827851298263
3744,44.951124001667594
3745,51.32594332568741
3746,65.3627411813571
3747,66.33576799623683
3748,33.551209895264876
3749,27.79921764072292
3750,32.49303732853215
3751,43.836139620514224
3752,30.35967841757416
3753,66.62261744207056
3754,60.36801968458751
3755,32.903623378110076
3756,62.06113324540127
3757,63.859565860004594
3758,48.467057117270826
3759,69.12226580622038
3760,71.8182891557652
3761,65.18845189847839
3762,30.115703429120224
3763,65.61509436990261
3764,37.67315042980693
3765,64.41634081062429
3766,54.21355656035708
3767,35.47925453622758
3768,46.840403343082855
3769,32.63267260860781
3770,30.064456763295365
3771,70.63726412681963
3772,50.61041908581848
3773,54.765714126991
3774,39.4299420037671
3775,66.91392735673236
3776,77.53653212080613
3777,29.526625799038555
3778,72.0424347715872
3779,51.420254312348206
3780,27.067162802170373
3781,46.01611108783389
3782,33.612740346870005
3783,64.57298737908725
3784,26.826279389681666
3785,40.317082243462565
3786,57.145812608439094
3787,67.9544585539673
3788,68.20260724688458
3789,73.08624980217309
3790,32.059904360801404
3791,78.23929071688013
3792,30.272670380794924
3793,70.80123122658887
3794,51.018064539468774
3795,32.594558417290415
3796,61.06880876931609
3797,70.53177458756286
3798,68.54718749638566
3799,29.998359120180616
3800,45.52718203377978
3801,70.69064006813406
3802,25.211521897230046
3803,34.290702028686226
3804,63.673715709482366
3805,51.063828747279366
3806,75.7382821805364
3807,72.31146357682536
3808,67.64429639799027
3809,76.6129605082857
3810,75.56727083357266
3811,35.56369171066379
3812,62.79456092297176
3813,36.65910840457073
3814,28.877170153967015
3815,68.12613844025239
3816,72.81940700740867
3817,26.472080689650852
3818,52.26399373035211
3819,43.3062508914567
3820,66.18517890995861
3821,38.65382147382799
3822,28.244107704614756
3823,30.310867973690947
3824,64.05943087766843
3825,39.25116017684488
3826,53.70595227540646
3827,62.55521129906614
3828,48.50450411763149
3829,28.44939949743864
3830,60.38406710834295
3831,59.81095263903201
3832,35.21470421238591
3833,27.001435510211284
3834,34.056318600813356
3835,71.42525092945345
3836,53.386570267093155
3837,39.092893466451216
3838,63.93801535148456
3839,29.43720622162152
3840,71.63697409007425
3841,58.086845488242126
3842,43.00479264221075
3843,34.70967202060748
3844,69.44921033705468
3845,40.93984464075413
3846,28.909525772626353
3847,43.59467988422058
3848,44.14070139232424
3849,25.912419071787184
3850,47.70920904593855
3851,35.27812549972979
3852,60.982705285197696
3853,37.640233836237016
3854,50.34519956207079
3855,28.625650366700476
3856,29.471296918835122
3857,65.23058921835052
3858,34.05643123526489
3859,62.14102442136665
3860,48.7012046837789
3861,62.14910832328074
3862,59.77973755446882
3863,34.85975663216986
3864,62.42516969353097
3865,69.95045983580971
3866,31.303497800853986
3867,71.10408568520359
3868,31.912203231973557
3869,53.844160726341435
3870,72.43891650991058
3871,39.99316577073561
3872,34.10083071796988
3873,53.510563771128155
3874,29.313033331041698
3875,33.498976438891766
3876,28.56101712581548
3877,46.63843513807741
3878,62.05487506956298
3879,49.80920372869991
3880,61.29999091807508
3881,36.07980169884222
3882,53.94989444160388
3883,33.3047092947458
3884,38.20549456646303
3885,87.73477139424428
3886,32.524606694510524
3887,30.86614339235451
3888,30.07154538460742
3889,25.218780266588254
3890,81.38952145555794
3891,70.77419661116562
3892,34.36911705181803
3893,27.528001533128656
3894,33.15453516217454
3895,65.83262632219541
3896,32.921521993747206
3897,31.468531407513495
3898,34.8460326006269
3899,43.858707618477055
3900,28.66043764562928
3901,47.03708627256654
3902,68.70105985256183
3903,68.54997134299681
3904,38.592004227522786
3905,25.036853607547396
3906,73.13971813400553
3907,55.2110375281249
3908,28.712454096835224
3909,65.13203016143461
3910,53.364582012342055
3911,57.66285904917722
3912,30.7401096476694
3913,61.48137074745885
3914,67.26673298365262
3915,63.90793826231031
3916,67.25800300959642
3917,63.314337937625496
3918,51.36125863198208
3919,28.992921302808806
3920,33.60050958571675
3921,30.9964114704576
3922,45.989375648330814
3923,70.98025353894404
3924,67.9455327750743
3925,26.421714130992086
3926,71.03080230914534
3927,69.49059689397549
3928,33.55359989700411
3929,39.39897196420836
3930,57.62972221314698
3931,50.647072006118236
3932,38.7080596334146
3933,29.140974908131035
3934,55.05599496332852
3935,32.907937451472996
3936,30.891429700864144
3937,77.95920733269942
3938,65.91549020554167
3939,36.63233769261712
3940,70.50089679981083
3941,35.95265387660653
3942,72.17664694195274
3943,28.88601969039354
3944,60.331719636767495
3945,54.50238491948932
3946,52.66370327515384
3947,29.222771266510858
3948,51.236963237861296
3949,48.69785461150229
3950,60.631433476085654
3951,39.97805253165054
3952,32.17110242829255
3953,52.16413143079589
3954,29.599554223938775
3955,52.540934175699036
3956,33.19377994352622
3957,69.11080015636011
3958,26.87839475158483
3959,71.29628521179451
3960,46.75436985203091
3961,46.8186323125575
3962,53.84216012928775
3963,29.49582904613637
3964,46.395904232896946
3965,27.52614125513125
3966,66.78759348452775
3967,38.810850476296864
3968,49.02870182343952
3969,58.025403230788285
3970,41.16704545313737
3971,32.23609824667652
3972,65.01619157936983
3973,45.115536158072246
3974,38.2827841117321
3975,73.33369441072276
3976,72.65284785649055
3977,60.446995078384326
3978,70.51468935594741
3979,56.724619223491814
3980,63.993418098861724
3981,63.98871192239301
3982,51.02985057924043
3983,57.06904874070814
3984,54.459439091688
3985,46.62443932709737
3986,30.99640537140918
3987,34.53693956159762
3988,39.94149178790866
3989,46.05837061590714
3990,31.747318697024244
3991,33.07483387760116
3992,62.67691757392705
3993,24.34875881988842
3994,59.7122668925844
3995,22.988900139375744
3996,35.0254198298431
3997,27.50500988720206
3998,40.098543781335565
3999,50.35465064048587
4000,57.065100929820424
4001,36.341090093269976
4002,34.050094489783824
4003,53.74857852591537
4004,59.99765801370382
4005,31.372504402552874
4006,27.64999558063236
4007,30.128396975015534
4008,32.35316454058232
4009,64.98980830642051
4010,34.9636079758755
4011,68.86341980444051
4012,30.56040939727872
4013,32.66843446057567
4014,29.499398169324778
4015,38.41392646866318
4016,41.76592644514168
4017,36.88998058659511
4018,26.59748149245666
4019,71.54424425625803
4020,28.103302305601908
4021,58.39718248447609
4022,29.137390133301878
4023,30.598272470973896
4024,50.47135508813872
4025,32.86286713127457
4026,59.6156292894147
4027,68.63044176388196
4028,29.93014636720535
4029,67.49982319649256
4030,29.79465236638154
4031,30.485214174980463
4032,37.16902193778003
4033,42.439423127713006
4034,36.53161882556408
4035,43.10986510119178
4036,37.38776028716699
4037,33.37597524155161
4038,67.07098333790218
4039,69.86449394162048
4040,50.815128841111175
4041,68.26008781437531
4042,50.08285604781317
4043,64.84822433020088
4044,56.94837562231015
4045,70.33115568722611
4046,66.06666212444341
4047,42.30304027210698
4048,71.94483985827489
4049,71.1153082325204
4050,65.21251012972868
4051,35.6328358389366
4052,57.93027708953452
4053,34.40130573959444
4054,68.11363679028567
4055,50.7188260781449
4056,36.91223887035432
4057,36.7268913858759
4058,28.92016633345981
4059,62.78980217479047
4060,67.25040430819311
4061,44.727887501870555
4062,68.858267610454
4063,66.7901933944941
4064,29.33727000579436
4065,48.365729321779206
4066,68.06474804663264
4067,30.233151369973676
4068,36.37026323488551
4069,28.236383537863354
4070,32.2028894618075
4071,37.31015098981478
4072,28.64837542683177
4073,32.67395349321326
4074,33.87906918678562
4075,52.884774903734865
4076,32.23788870039547
4077,34.71931086002236
4078,53.64866247681769
4079,34.09675092838811
4080,31.539296955862888
4081,32.267251570842014
4082,70.97110876980904
4083,45.45331401777806
4084,35.14277439222532
4085,70.02014064761453
4086,64.99478097331458
4087,30.72236983268448
4088,55.47079924539888
4089,65.51160223214404
4090,31.737958385097233
4091,64.96621306812396
4092,31.410052453358563
4093,28.311326867074754
4094,57.100675976198815
4095,34.73613762561864
4096,45.7755485432199
4097,33.444895293105795
4098,68.84660392316164
4099,70.11862571315216
4100,65.84254142949686
4101,74.22697022014808
4102,58.2262962374492
4103,28.108201614354645
4104,64.9720073963959
4105,62.53378894355851
4106,69.57252148347037
4107,69.44023256626971
4108,28.18195200165453
4109,68.80787784496336
4110,39.93322743970532
4111,38.21943931092828
4112,54.165368389865456
4113,34.881174088196204
4114,69.75334228326524
4115,34.372381753262424
4116,47.688559731753614
4117,42.36078029040483
4118,30.913276806185593
4119,29.171819206909987
4120,68.65544440241423
4121,26.241738534709505
4122,46.64571058942301
4123,52.50280455474926
4124,63.2149187717651
4125,38.481343083891026
4126,49.34567446303592
4127,51.57019692511549
4128,33.88867326375899
4129,33.801355645261815
4130,65.3548369383877
4131,68.74614121071612
4132,42.343909468881
4133,52.489192615972556
4134,62.81142186224782
4135,23.616509634912294
4136,49.839433635392886
4137,69.39100412239421
4138,26.362242876682224
4139,84.62247939913372
4140,33.851970840496016
4141,72.90617738155078
4142,27.44338965358108
4143,61.18839376513386
4144,31.79108109334905
4145,51.597614460085836
4146,48.96705558904988
4147,38.57270246713
4148,63.86338572317157
4149,64.73409625811634
4150,43.75516326189139
4151,33.516946513624205
4152,34.92883797503322
4153,32.97972050007141
4154,30.390990108585456
4155,59.50287826821885
4156,64.86449501674649
4157,73.91904474052414
4158,65.1333821650085
4159,69.1372974561041
4160,60.48378950771977
4161,39.61151950373821
4162,42.76080292106694
4163,64.13760322481298
4164,70.15385205430444
4165,29.21429878872645
4166,26.949250547764336
4167,66.60559955279209
4168,36.762335566118
4169,46.19989540057862
4170,35.281409128545675
4171,30.929562495572043
4172,35.467341454180655
4173,46.39148218889027
4174,33.50775063897375
4175,71.24228788062024
4176,57.72309714904976
4177,68.21370959562464
4178,47.83214716951407
4179,64.0476087952515
4180,54.65793014263086
4181,55.13977605828062
4182,78.05375001191275
4183,58.0862523445788
4184,28.247088220925843
4185,19.706161842906234
4186,28.814269498586
4187,53.779735226311395
4188,33.208150768351274
4189,67.91491967934489
4190,73.82303951094744
4191,33.74953206578267
4192,47.611122718162314
4193,51.23665263794411
4194,57.05724601635816
4195,68.9639013060728
4196,64.50998709602706
4197,52.185248347342636
4198,53.13287534084219
4199,65.57207248163401
4200,27.54877878857933
4201,79.2704092079396
4202,59.52429187102285
4203,69.65011509243622
4204,31.937697428047862
4205,30.94315097937963
4206,64.94909782521925
4207,30.488805467632073
4208,79.82220903292324
4209,45.73706919203338
4210,43.46616823019729
4211,54.34982670053161
4212,72.76152731347406
4213,47.55078668477515
4214,45.00451776513791
4215,61.5851461016095
4216,69.35597984750802
4217,29.49144129574696
4218,71.62881949466322
4219,31.005934240658
4220,51.563577831221274
4221,31.842436090529873
4222,69.89028642135044
4223,74.04373806038622
4224,34.49298435984293
4225,28.652650290702336
4226,35.36676804447585
4227,32.07705811365893
4228,31.970125487709396
4229,66.75855731524695
4230,27.45177308184718
4231,38.45504982476521
4232,28.427284987974303
4233,69.14522124314196
4234,71.9827681580469
4235,54.106544091517556
4236,56.078944672443285
4237,47.50635254723686
4238,72.14271278071112
4239,71.43638030711921
4240,65.44733617239129
4241,83.15487188060271
4242,82.41458693001667
4243,40.25342361383994
4244,37.18656042430637
4245,60.58405102364761
4246,39.78123370605572
4247,27.033618835379016
4248,29.151151291261897
4249,68.92011423171137
4250,45.59121351027809
4251,31.12659447369893
4252,30.840499024568757
4253,36.00694847422417
4254,62.74819415193785
4255,65.87273194499541
4256,26.70475222743536
4257,65.50523136786327
4258,60.76480937942641
4259,74.54246691468673
4260,70.40427546480197
4261,32.565402213562756
4262,32.084730719246835
4263,73.8760456239328
4264,58.86398891316532
4265,28.75860782306071
4266,35.78828780302662
4267,47.513001931717014
4268,49.547717802716306
4269,32.64886906591774
4270,75.59065797040834
4271,44.13236731341428
4272,68.83449685898668
4273,40.57316348206741
4274,54.67311608692676
4275,55.492254883347435
4276,69.63220151334168
4277,29.531445215470452
4278,61.920661295164436
4279,25.733144916656563
4280,71.25289907065927
4281,66.79407885480117
4282,31.433680435827846
4283,27.01133094378538
4284,68.46728108322907
4285,31.164940246617743
4286,32.271744691742654
4287,29.647587014984296
4288,33.029966634129245
4289,35.931561009546925
4290,59.10813766211584
4291,30.52488859238504
4292,37.19484921943952
4293,64.62570521855992
4294,37.63575576490305
4295,51.757533379153976
4296,69.9897904643461
4297,39.55087726473964
4298,31.02461916057795
4299,29.050535737092055
4300,51.22990652597831
4301,60.175043453686534
4302,54.26162282122189
4303,32.189416934772765
4304,29.477261702109814
4305,64.850174268377
4306,29.254180547139754
4307,70.14815130081914
4308,35.36056011197094
4309,74.06117857253106
4310,34.82088875656776
4311,33.290420984193176
4312,58.10658427408085
4313,39.4367907934912
4314,25.327210938135586
4315,66.2545711223961
4316,24.244755162967195
4317,48.6895631369718
4318,56.85229325578898
4319,41.82750573067725
4320,57.89356037173472
4321,62.73374097113425
4322,27.787619646386915
4323,67.45565420598102
4324,69.00420257910201
4325,34.67063701385999
4326,25.62477163744671
4327,35.108187387074466
4328,31.7099074010033
4329,70.54289976418723
4330,62.67458502180743
4331,30.506456774972882
4332,39.465939509534394
4333,35.627084142103676
4334,23.905517363771498
4335,71.84189430526253
4336,36.46126854144317
4337,34.55813205802994
4338,26.725785489262762
4339,34.28350230125523
4340,66.60064688535705
4341,28.399309304088725
4342,32.759029235944766
4343,28.017715203203437
4344,53.63047921009265
4345,32.19937039329174
4346,73.28917637068321
4347,33.101302907707534
4348,56.22370816347984
4349,66.89340366639337
4350,36.24718836538156
4351,69.52478207725736
4352,46.11095569143122
4353,34.14404120712648
4354,34.416322413681854
4355,46.98710074639298
4356,69.9465534932511
4357,37.160565603896906
4358,29.04571495016738
4359,49.29103519325339
4360,52.4231074016598
4361,33.8334818423131
4362,28.055193535382582
4363,80.44459602022681
4364,25.517620256668096
4365,47.39246354319201
4366,36.72021976637334
4367,72.2749401462488
4368,47.987987144611026
4369,52.62417636229924
4370,45.932852637187985
4371,32.814297629417766
4372,32.317419953530745
4373,61.865310041204914
4374,31.113857182117457
4375,38.60967924524526
4376,44.101742348368624
4377,35.87431371724253
4378,65.27762984375131
4379,74.02930541167225
4380,30.727422905980205
4381,35.936471716164974
4382,36.989515525046045
4383,41.918744117975706
4384,35.0928376033972
4385,39.78185004275007
4386,51.187069489534665
4387,65.08081395345953
4388,31.533460133523
4389,72.78383764899061
4390,45.13292223629519
4391,73.07289724422574
4392,35.076654840676554
4393,56.788007827722794
4394,71.35771368097667
4395,24.89969379384727
4396,34.78332971997935
4397,57.77645518331735
4398,69.05987341670145
4399,75.89178804454448
4400,35.03304658360189
4401,69.08597795885744
4402,30.70723303665661
4403,61.70275754457427
4404,34.97844839774304
4405,69.7608318027286
4406,34.714929996404905
4407,69.09108028131185
4408,35.27037068140454
4409,47.0192625392614
4410,67.75923240936594
4411,28.30166941188321
4412,45.38903420884896
4413,64.69656952358844
4414,56.06980480973884
4415,46.31843228620692
4416,70.763539847973
4417,26.4033197662571
4418,49.319531722631865
4419,29.90943651537845
4420,47.45204262835453
4421,32.44864193989107
4422,71.64319089702758
4423,35.41585583532845
4424,49.78712152452595
4425,52.10930234272684
4426,57.25133703487723
4427,29.60214558076194
4428,55.99088702619009
4429,48.13450791343042
4430,51.79079795106957
4431,31.19658019214876
4432,31.598355761107598
4433,52.39525287135383
4434,63.46640780898824
4435,27.520419070851386
4436,31.759171340390267
4437,56.187726642647604
4438,30.973925872978633
4439,38.23397159098963
4440,34.73920628527564
4441,29.7043360654382
4442,71.88049424976231
4443,61.43931882726969
4444,48.43321825365868
4445,28.302931151726874
4446,46.54616937991112
4447,68.85936107647998
4448,37.04126176854149
4449,33.49106274837564
4450,46.75496347002131
4451,48.40538492268256
4452,71.2615115124897
4453,57.56643377613807
4454,81.66034557825584
4455,59.21493684488424
4456,62.63859476231103
4457,31.73407685506126
4458,56.42837205726643
4459,33.542552674826496
4460,69.38514974216528
4461,77.95137404619426
4462,31.398224210369364
4463,74.83391006272433
4464,69.99774819424803
4465,39.88148326597502
4466,34.9673116577961
4467,31.021292425569037
4468,49.93661316495031
4469,78.76243703705742
4470,26.574090421636537
4471,56.488916323229944
4472,40.43419442157967
4473,26.544451161071844
4474,32.9296277762867
4475,62.86193548274071
4476,28.199860730685163
4477,36.81057587243243
4478,59.56925728926433
4479,31.284050819640644
4480,30.15027177022808
4481,39.66902007160312
4482,36.117813078336226
4483,67.64290752383212
4484,36.3172291532676
4485,32.193681345514236
4486,27.069088428521688
4487,75.52609221901619
4488,70.79841053705836
4489,35.21255250137884
4490,24.6268243756506
4491,41.53262755404271
4492,28.055296653200138
4493,48.204886241599155
4494,24.721102717922633
4495,49.01911166626675
4496,31.91695289329372
4497,39.30334595214383
4498,32.07850967028837
4499,47.538402290900066
4500,23.836562379437186
4501,28.97312326569842
4502,70.35700908051774
4503,61.94035637011308
4504,70.2333354690423
4505,32.31293657360081
4506,60.93773025721824
4507,38.82473243972976
4508,36.197260327288774
4509,76.4764276866453
4510,48.56069090549816
4511,53.930597466954325
4512,30.032124059951673
4513,54.104361926819216
4514,53.720524363106485
4515,49.37871466731869
4516,66.09616124646857
4517,48.873362650024475
4518,25.588002017911172
4519,31.362254582768948
4520,35.133533155993845
4521,40.5616096466938
4522,33.672782324302716
4523,31.575730369601214
4524,52.51959487799954
4525,27.590919665039124
4526,35.798013387465026
4527,21.429670093762944
4528,34.64763649530954
4529,66.0002736805877
4530,49.56012012140302
4531,60.95991829945167
4532,73.93499338195998
4533,32.116312419690765
4534,32.43963499948146
4535,32.56156401721257
4536,68.8396912390636
4537,66.56763202958729
4538,29.674061056676845
4539,31.409185659139176
4540,65.87264324688857
4541,66.02909173052966
4542,29.569913940197047
4543,27.198108073319617
4544,31.101755009309898
4545,66.15605723483958
4546,80.71256257673943
4547,63.57645005735754
4548,72.80594061977627
4549,74.68527238526364
4550,58.470651364153035
4551,51.997439957239045
4552,31.31788018790383
4553,29.832591601864582
4554,56.42473090773539
4555,32.78519258346371
4556,71.06560159899783
4557,50.13926877310994
4558,31.288607043054824
4559,50.78138339828876
4560,28.70360677454606
4561,33.723357405492266
4562,65.06598682552382
4563,34.24839945621508
4564,26.916147375268114
4565,57.22667212081736
4566,36.26771639106526
4567,58.86249318632798
4568,46.04941704300543
4569,60.88452571521131
4570,30.114183129784834
4571,48.376525550711136
4572,22.10557531440704
4573,71.11233714099103
4574,28.131185147792248
4575,32.51683263904401
4576,44.37783025550641
4577,55.32148497924452
4578,75.89807025444617
4579,27.853232302666626
4580,51.98252667217515
4581,58.177888563787164
4582,53.64883061337528
4583,78.10833090868786
4584,32.77578877903343
4585,61.438797893824784
4586,26.490227342600686
4587,34.30681717215512
4588,58.650833619608036
4589,61.44405722972506
4590,65.23708842751167
4591,35.42690920575785
4592,63.97095245549751
4593,71.63938476277522
4594,27.084892400313926
4595,30.46962864358509
4596,37.67094420856677
4597,37.624700954155564
4598,35.82214642638827
4599,28.803977607729635
4600,71.49730515645632
4601,29.588095510543166
4602,36.474660786091874
4603,46.556546069691215
4604,62.014267313741215
4605,77.71815196481705
4606,44.818287314727385
4607,37.074365100946444
4608,42.84173437488933
4609,62.60154606120843
4610,38.15394369083861
4611,27.956214216227075
4612,35.25377547739699
4613,31.1268491745105
4614,34.681745724786296
4615,32.79103651998659
4616,66.78133403783129
4617,27.191628153044896
4618,86.00592526838959
4619,39.53649004360707
4620,37.8929488027231
4621,37.89839524044143
4622,57.65792441861325
4623,28.00806558056705
4624,33.811883120186195
4625,70.74225263143349
4626,66.70212891126377
4627,74.7420218965494
4628,67.74442658859144
4629,32.05800651028201
4630,72.02808734222651
4631,73.0317104986591
4632,64.3065706114771
4633,32.1196126286852
4634,68.38233663369745
4635,54.82760424044149
4636,32.13457026966289
4637,37.460455965871425
4638,65.31476570598049
4639,66.75286126083624
4640,30.943850122607714
4641,69.40228169569177
4642,37.119706934718096
4643,70.60210033473157
4644,37.71793966690159
4645,29.959416362810394
4646,72.29127996040383
4647,72.171674372553
4648,36.774256999792826
4649,33.0490403720985
4650,51.1069730200942
4651,39.85626971080211
4652,41.45254435931513
4653,69.80169560562847
4654,77.54647806021478
4655,38.24384067967514
4656,33.310363780170874
4657,29.490679227512313
4658,25.96268568667541
4659,62.16503694337417
4660,26.54774817863592
4661,30.904861580112545
4662,63.8270621246063
4663,60.77491984321173
4664,70.88099142692361
4665,31.85881490113767
4666,74.90699635155602
4667,27.41918522826071
4668,23.150611999627316
4669,34.91153800887724
4670,40.556442090751275
4671,66.36665813977494
4672,48.391524999313496
4673,38.30940761162527
4674,65.91442449561455
4675,53.31498606343128
4676,35.994438249816874
4677,75.75184351140778
4678,36.38061373025917
4679,59.21455902080678
4680,64.50595837238308
4681,31.38605132359281
4682,70.78820698016752
4683,38.847423265994586
4684,60.46115034517565
4685,31.872079457625254
4686,66.97837170853369
4687,70.70777535667818
4688,35.32729372502587
4689,64.73916575224183
4690,31.49836556148105
4691,65.00232962793125
4692,50.229046986733835
4693,26.44045504423035
4694,71.27598020358775
4695,69.20746873300345
4696,60.31492528254994
4697,31.08779007353499
4698,38.876371502577484
4699,63.287798769233
4700,69.87382000707969
4701,32.48669784738531
4702,45.41003191520959
4703,31.60809924096302
4704,27.57647725451983
4705,40.89792278171638
4706,31.380937520112525
4707,65.24864454545954
4708,29.399001128793817
4709,36.148969338526484
4710,32.23443238501649
4711,32.99735704731013
4712,61.60415958685661
4713,30.523528924666653
4714,35.56645598725489
4715,76.73272097839296
4716,34.774143892034274
4717,66.94069267709153
4718,34.97262433873622
4719,26.754056666381366
4720,70.27368640364985
4721,32.489198211004535
4722,44.97659598150671
4723,27.182021319678952
4724,32.69671096563398
4725,26.68044540474328
4726,28.745184101009116
4727,64.48973673776413
4728,70.55873854859934
4729,64.27530621335677
4730,72.88197753140496
4731,59.195545705599024
4732,39.794577253844274
4733,35.70037863498122
4734,46.69067713670293
4735,30.474033384755117
4736,35.31080821900555
4737,67.9912158117651
4738,29.41864246226058
4739,77.7769846232357
4740,72.13607691752112
4741,29.66958468209884
4742,35.03025371811371
4743,69.55697310196598
4744,57.26669611829328
4745,61.46979977212034
4746,46.43152880610603
4747,64.6034798773859
4748,50.66655981924554
4749,73.18756796442263
4750,30.367854872801487
4751,34.3042535336033
4752,32.281921716954926
4753,70.96542866581665
4754,83.21539965406434
4755,34.89801661271295
4756,60.83252956052686
4757,37.205362708473764
4758,68.11537369054943
4759,32.67719578508958
4760,55.99446380671717
4761,64.93289652142218
4762,31.55811792864898
4763,66.64312045008148
4764,39.43380586837584
4765,25.997082716588825
4766,33.044958580235686
4767,35.53079497711871
4768,33.21087065159443
4769,34.344016783515144
4770,32.092671831855654
4771,34.35007360420847
4772,40.175136139243236
4773,70.69644966226886
4774,39.712302129845725
4775,59.46997083455401
4776,65.66622314027231
4777,26.478094972097146
4778,32.70299069094142
4779,63.19858548537359
4780,52.77556883801755
4781,64.12820194116803
4782,30.2060535562863
4783,41.467091074650014
4784,31.94995731549075
4785,33.03711970652509
4786,30.981781559504178
4787,69.58337315544793
4788,64.69750419745482
4789,73.68296694430938
4790,27.256160064237022
4791,67.38235303368106
4792,63.195883556764095
4793,44.85642637296389
4794,28.99966778599706
4795,36.21660773466658
4796,38.64496372043804
4797,28.581439544202958
4798,36.52321388699832
4799,55.0739423546146
4800,65.24744839687325
4801,24.22401151357249
4802,28.077499014679333
4803,24.46412680036445
4804,34.72303173190091
4805,30.528470330118907
4806,23.348889644614815
4807,70.22392412096839
4808,36.031828484570084
4809,83.4130690858919
4810,58.65701287271531
4811,70.35564884446983
4812,27.51957181034472
4813,31.440822333087176
4814,66.67928230951523
4815,53.58252758044903
4816,59.02870528166554
4817,59.88400950774093
4818,31.339181166198152
4819,84.33347143627759
4820,44.10982897338134
4821,29.490896941862182
4822,46.032135601896975
4823,47.039196079190546
4824,31.125501554013002
4825,29.359940718895466
4826,50.55115627530617
4827,26.772516958954334
4828,64.61640670708428
4829,33.25751211850154
4830,71.28381441389347
4831,61.869010972842126
4832,68.93336113937127
4833,30.921437797130046
4834,26.4458763780842
4835,24.1267346892697
4836,24.238830984242078
4837,30.915706435558448
4838,62.99232710743289
4839,84.43780675561909
4840,48.377105152807694
4841,65.65506897716988
4842,31.45018683570402
4843,35.89369357972862
4844,40.38527758195271
4845,28.195472942040492
4846,51.68070350529166
4847,72.40250738372191
4848,69.37377602580555
4849,26.61125786887142
4850,28.002539559979223
4851,35.668429638377496
4852,58.16814354485651
4853,27.9978497785266
4854,32.4727412029771
4855,46.86806172049461
4856,70.85993338982098
4857,41.286647213027486
4858,39.61739358046545
4859,31.6414152815793
4860,32.01407932596199
4861,39.44165329898745
4862,30.616231357730662
4863,33.40322568054497
4864,67.07240062718094
4865,35.77518962336474
4866,71.46184397276915
4867,29.785742909614005
4868,32.47047244166749
4869,42.01260776804268
4870,36.363074905211136
4871,70.97356420830704
4872,66.3013213720604
4873,35.36807534783347
4874,32.20352941113849
4875,48.03119394100422
4876,63.99170405224796
4877,28.99197647134031
4878,75.89732404090982
4879,72.41165288807554
4880,31.82589635007993
4881,49.54535856811476
4882,37.689408089381004
4883,34.9216944451374
4884,32.471949561030584
4885,61.949252446523914
4886,74.73674836597662
4887,36.92835322733088
4888,46.46603533523792
4889,27.94802228794901
4890,51.6017163407848
4891,38.28007924591333
4892,27.073251134071313
4893,70.19302491574686
4894,40.89541871814275
4895,34.89972608154095
4896,36.174338070193684
4897,60.829588851948316
4898,40.9339884588954
4899,70.36053570194417
4900,47.76606540856577
4901,68.5635432347849
4902,57.095411089226424
4903,66.71120845960091
4904,54.350607857287216
4905,65.52279489333161
4906,66.35370318847181
4907,34.883686818580685
4908,32.29809728971381
4909,74.26629848628848
4910,36.91888735777411
4911,30.122126228498956
4912,32.24103695608113
4913,71.45598568133775
4914,29.018591128929142
4915,31.002424816601806
4916,40.2838885716358
4917,51.9060832009944
4918,35.010254661597514
4919,68.44811860891161
4920,25.426998593508245
4921,33.18421662949807
4922,34.164435189529684
4923,60.62296588055203
4924,31.75738881357273
4925,41.884882127554
4926,73.50813089535536
4927,32.37653629794063
4928,71.4429717107103
4929,77.5842442558097
4930,32.77406988950685
4931,47.43224007803697
4932,45.554030275872705
4933,59.20063953008385
4934,33.38136613998529
4935,26.744199895435315
4936,66.73988458646888
4937,30.47391523626547
4938,75.74263824896552
4939,33.93469386140571
4940,54.884423526797775
4941,65.18489743399154
4942,49.58781179892787
4943,65.87516328743355
4944,27.334135639058115
4945,75.7618206440653
4946,27.409407363809
4947,39.22346536901934
4948,28.80572855847059
4949,32.08909459895708
4950,34.050068088316706
4951,24.046487003803122
4952,39.53875154975435
4953,63.65899829253795
4954,53.09931603744202
4955,68.04722302574248
4956,33.017657130284164
4957,32.86319961506255
4958,59.81289396785236
4959,41.286594299447216
4960,35.38133505664619
4961,33.03017043869019
4962,68.52398320099519
4963,50.40754510865489
4964,37.044446215379324
4965,68.09689800000876
4966,33.328729045922
4967,49.055196164105254
4968,73.6624207935354
4969,70.52566782009578
4970,70.8810109880995
4971,64.01131931376634
4972,38.979575386190874
4973,29.025320394608134
4974,68.13860537127289
4975,32.659138224114194
4976,28.09067387041315
4977,25.199405774213275
4978,43.04330687627619
4979,47.53614790550551
4980,69.8872955220941
4981,26.973770197190724
4982,28.39358596844835
4983,42.53177458902914
4984,51.0732007367862
4985,64.38483644511776
4986,68.74104577602907
4987,26.763424524928567
4988,55.46251167617596
4989,39.14449500442302
4990,62.809667422241084
4991,66.00924897474476
4992,32.79651627231907
4993,28.138422227853706
4994,50.58832998121962
4995,35.920292651354394
4996,59.489151783347474
4997,62.47451957723504
4998,47.97739846361072
4999,70.27633470631804
